Timestamp,Open,High,Low,Close,Volume,OI
2024-11-13T09:15:00+05:30,35.25,42.05,35,35.9,14575,631625
2024-11-13T09:16:00+05:30,35.25,37.8,34.3,34.5,32975,631625
2024-11-13T09:17:00+05:30,33.95,35.15,33,33.75,15525,631625
2024-11-13T09:18:00+05:30,34.1,35.1,33.75,34.2,22550,634650
2024-11-13T09:19:00+05:30,35.05,36.95,34.05,36.95,13300,634650
2024-11-13T09:20:00+05:30,37,40.95,37,40.3,20100,634650
2024-11-13T09:21:00+05:30,41.2,41.2,36.3,36.3,10450,639975
2024-11-13T09:22:00+05:30,36.2,36.95,33.5,33.8,20225,639975
2024-11-13T09:23:00+05:30,34.3,34.45,31.35,31.85,33125,639975
2024-11-13T09:24:00+05:30,31.7,33.65,30.85,33.65,14225,645475
2024-11-13T09:25:00+05:30,33.7,34.1,32.3,34.1,5925,645475
2024-11-13T09:26:00+05:30,34.7,36.35,34.7,36.35,5700,645475
2024-11-13T09:27:00+05:30,36,39,35.4,39,18775,643325
2024-11-13T09:28:00+05:30,37.95,38.75,36.5,38.5,5450,643325
2024-11-13T09:29:00+05:30,37.95,42.4,37.5,42.4,19600,643325
2024-11-13T09:30:00+05:30,41.85,43,37.5,39.2,40575,648675
2024-11-13T09:31:00+05:30,39.25,39.25,34.6,34.6,27825,648675
2024-11-13T09:32:00+05:30,36.3,38.9,36.3,37.6,11000,648675
2024-11-13T09:33:00+05:30,37.9,40.05,37.8,38.75,13150,665175
2024-11-13T09:34:00+05:30,38.25,45,37.55,44.6,23575,665175
2024-11-13T09:35:00+05:30,44.4,44.7,40.15,40.95,18850,665175
2024-11-13T09:36:00+05:30,41.3,43.95,39.7,43.8,42350,671575
2024-11-13T09:37:00+05:30,43.75,44,41.7,42.6,37800,671575
2024-11-13T09:38:00+05:30,42.55,43.4,41.75,41.85,17725,671575
2024-11-13T09:39:00+05:30,42.45,44.85,42.45,44.85,4350,679775
2024-11-13T09:40:00+05:30,43.85,45.3,43.4,45.1,11900,679775
2024-11-13T09:41:00+05:30,44.9,46.95,43.65,44.85,20700,679775
2024-11-13T09:42:00+05:30,44.9,47.25,44.35,46.8,20725,678150
2024-11-13T09:43:00+05:30,46.9,49.9,46.3,49.9,11500,678150
2024-11-13T09:44:00+05:30,50,51.6,49.25,51.2,30225,678150
2024-11-13T09:45:00+05:30,51,52.45,49.8,51,21325,678500
2024-11-13T09:46:00+05:30,51.8,53.7,50.35,52,40250,678500
2024-11-13T09:47:00+05:30,52.25,57.35,52.2,56.15,22800,678500
2024-11-13T09:48:00+05:30,56.45,59.45,52.75,52.75,64300,695525
2024-11-13T09:49:00+05:30,53.2,60.45,53.2,58,56550,695525
2024-11-13T09:50:00+05:30,57.3,57.6,52.1,52.8,36900,695525
2024-11-13T09:51:00+05:30,52.35,53.2,47.05,47.05,30275,725575
2024-11-13T09:52:00+05:30,46.55,50.1,42.25,48.35,63925,725575
2024-11-13T09:53:00+05:30,48.75,50.4,47.35,49.65,46000,725575
2024-11-13T09:54:00+05:30,48.85,50.5,48.75,49.25,17250,731675
2024-11-13T09:55:00+05:30,48.8,49.9,47.2,49.9,9325,731675
2024-11-13T09:56:00+05:30,49.3,50,47.85,48.75,9950,731675
2024-11-13T09:57:00+05:30,48.7,50,45.55,47.1,16700,743200
2024-11-13T09:58:00+05:30,47.1,50.45,47.1,50.1,10800,743200
2024-11-13T09:59:00+05:30,49.25,49.25,45.3,45.3,21950,743200
2024-11-13T10:00:00+05:30,44.85,46.2,44.35,45.45,11975,750900
2024-11-13T10:01:00+05:30,44.7,47.1,43.5,46.3,13350,750900
2024-11-13T10:02:00+05:30,46.8,48.15,46.45,46.95,9325,750900
2024-11-13T10:03:00+05:30,47.7,48.7,46.7,47.05,13650,758025
2024-11-13T10:04:00+05:30,47.1,50,46.4,49.95,35250,758025
2024-11-13T10:05:00+05:30,50.1,52.75,50.1,52.5,25175,758025
2024-11-13T10:06:00+05:30,52.4,53.8,50.55,53.75,28450,762100
2024-11-13T10:07:00+05:30,53.4,58,53,57.25,28100,762100
2024-11-13T10:08:00+05:30,56.05,56.55,52.75,52.75,37675,762100
2024-11-13T10:09:00+05:30,54.65,55.5,53.6,54.6,9825,794500
2024-11-13T10:10:00+05:30,54,54.7,50.55,52,17900,794500
2024-11-13T10:11:00+05:30,52.3,53.95,51.55,51.75,14250,794500
2024-11-13T10:12:00+05:30,52.35,53.95,51.3,53.55,8700,804850
2024-11-13T10:13:00+05:30,53.6,59.8,53.6,59.45,20125,804850
2024-11-13T10:14:00+05:30,59.9,61.2,57.35,58.8,17825,804850
2024-11-13T10:15:00+05:30,59.35,61.95,59.35,61.1,11900,828500
2024-11-13T10:16:00+05:30,60.95,63.25,59.55,62.55,17100,828500
2024-11-13T10:17:00+05:30,62.1,63,58.4,58.4,19950,828500
2024-11-13T10:18:00+05:30,57.9,59.5,54.9,55.05,14075,836900
2024-11-13T10:19:00+05:30,55.8,57.55,55.05,57,5550,836900
2024-11-13T10:20:00+05:30,56.85,62.35,56.85,60.3,9475,836900
2024-11-13T10:21:00+05:30,60.55,61.8,60.1,60.65,6100,836000
2024-11-13T10:22:00+05:30,59.55,63.2,59.05,61.35,8875,836000
2024-11-13T10:23:00+05:30,62,62.3,60,60.1,7150,836000
2024-11-13T10:24:00+05:30,59.65,60,57.75,57.75,4050,836925
2024-11-13T10:25:00+05:30,57.85,57.85,51.7,52.05,20125,836925
2024-11-13T10:26:00+05:30,52.1,56.15,51.6,55.6,6975,836925
2024-11-13T10:27:00+05:30,56.4,56.65,53.65,54.05,12400,839250
2024-11-13T10:28:00+05:30,54.7,55.1,53.65,53.65,8900,839250
2024-11-13T10:29:00+05:30,53.75,54.6,53,53.5,7225,839250
2024-11-13T10:30:00+05:30,53.35,53.35,50.85,51.6,7500,841000
2024-11-13T10:31:00+05:30,51.9,55,51.9,54.85,4950,841000
2024-11-13T10:32:00+05:30,55.25,55.85,53.55,53.55,3750,841000
2024-11-13T10:33:00+05:30,53.1,53.15,50.8,50.8,2925,844300
2024-11-13T10:34:00+05:30,51.1,52.15,50.65,50.8,4075,844300
2024-11-13T10:35:00+05:30,50.4,50.4,46.2,48.65,9675,844300
2024-11-13T10:36:00+05:30,48.05,50.45,48,50.45,2200,844050
2024-11-13T10:37:00+05:30,50.6,50.6,49.55,49.9,2950,844050
2024-11-13T10:38:00+05:30,49.25,50.55,48.6,49.5,3175,844050
2024-11-13T10:39:00+05:30,49.7,53.35,49.2,53.3,7850,849450
2024-11-13T10:40:00+05:30,53.2,57.3,53.2,54,12275,849450
2024-11-13T10:41:00+05:30,55,56,54,55.4,10150,849450
2024-11-13T10:42:00+05:30,55.6,56.4,54.25,54.85,5125,852850
2024-11-13T10:43:00+05:30,54.6,55.75,54.5,55.4,5425,852850
2024-11-13T10:44:00+05:30,55.85,57.45,55.45,56.55,10525,852850
2024-11-13T10:45:00+05:30,56.9,56.9,54.3,54.6,21625,848500
2024-11-13T10:46:00+05:30,54.5,56.7,53.7,54.15,6550,848500
2024-11-13T10:47:00+05:30,54.15,54.15,51.4,52.2,7750,848500
2024-11-13T10:48:00+05:30,52.5,53.05,49.6,49.8,7200,847325
2024-11-13T10:49:00+05:30,49.85,51.2,48.4,50.15,14075,847325
2024-11-13T10:50:00+05:30,50.8,51.35,50.1,51.35,4100,847325
2024-11-13T10:51:00+05:30,51.35,52.8,50.1,50.1,6500,849475
2024-11-13T10:52:00+05:30,51.35,51.35,49.4,49.4,4250,849475
2024-11-13T10:53:00+05:30,49.6,49.6,44.55,46.65,20750,849475
2024-11-13T10:54:00+05:30,46.9,49.85,45.8,49,10625,848850
2024-11-13T10:55:00+05:30,49.3,50,48.35,50,3275,848850
2024-11-13T10:56:00+05:30,49.7,51.15,48.9,50.3,13150,848850
2024-11-13T10:57:00+05:30,50.3,53.45,50.3,51.5,14725,838775
2024-11-13T10:58:00+05:30,52.15,53.7,51.75,52,5250,838775
2024-11-13T10:59:00+05:30,52.6,52.6,51,51.95,3850,838775
2024-11-13T11:00:00+05:30,52,53.1,50.45,51.45,6325,831700
2024-11-13T11:01:00+05:30,50.8,52,50.7,52,5375,831700
2024-11-13T11:02:00+05:30,52.1,53.45,52.1,52.35,2725,831700
2024-11-13T11:03:00+05:30,53.1,54.2,51.85,51.9,6000,830650
2024-11-13T11:04:00+05:30,53.85,53.85,51.95,53.45,2825,830650
2024-11-13T11:05:00+05:30,53,53,51.25,52.05,5450,830650
2024-11-13T11:06:00+05:30,53,53.55,50.95,51.75,4250,828450
2024-11-13T11:07:00+05:30,52.85,53.25,51.8,52.75,2925,828450
2024-11-13T11:08:00+05:30,52.9,53.35,51.75,52.5,8350,828450
2024-11-13T11:09:00+05:30,52.55,53.1,51.25,52.7,5050,826100
2024-11-13T11:10:00+05:30,52.35,54,52,53.6,3600,826100
2024-11-13T11:11:00+05:30,53.25,54.35,52.65,53.75,6400,826100
2024-11-13T11:12:00+05:30,53.2,54.4,53.2,54.3,5825,825500
2024-11-13T11:13:00+05:30,54.8,54.8,52.75,52.75,7950,825500
2024-11-13T11:14:00+05:30,52.7,54.3,51.6,54.3,6375,825500
2024-11-13T11:15:00+05:30,54.05,54.25,52.6,54,10000,821375
2024-11-13T11:16:00+05:30,53.8,54.5,53.1,53.15,2550,821375
2024-11-13T11:17:00+05:30,53.9,54.35,53.5,54,3025,821375
2024-11-13T11:18:00+05:30,54.45,56.6,54.4,56.6,13850,823850
2024-11-13T11:19:00+05:30,56.85,57.65,56.3,56.95,9375,823850
2024-11-13T11:20:00+05:30,56.8,56.8,54.4,55.3,4675,823850
2024-11-13T11:21:00+05:30,55.05,56.55,54.6,55.2,5900,825250
2024-11-13T11:22:00+05:30,55.5,55.5,53.1,53.1,3775,825250
2024-11-13T11:23:00+05:30,53.7,53.8,51.85,52.35,9400,825250
2024-11-13T11:24:00+05:30,52.2,53.45,51.25,51.3,8025,824800
2024-11-13T11:25:00+05:30,51.4,51.4,50,50.55,2850,824800
2024-11-13T11:26:00+05:30,50.5,51.4,50,50.85,4425,824800
2024-11-13T11:27:00+05:30,51.2,52.45,50.35,52.45,3550,822500
2024-11-13T11:28:00+05:30,52.4,54.45,52.4,53.65,6425,822500
2024-11-13T11:29:00+05:30,53.5,54.05,52.3,54.05,4375,822500
2024-11-13T11:30:00+05:30,53.95,55.25,53.6,54.25,6300,825150
2024-11-13T11:31:00+05:30,54.85,56.45,54.3,56.35,13750,825150
2024-11-13T11:32:00+05:30,56.25,56.6,53.65,54.65,7500,825150
2024-11-13T11:33:00+05:30,55.2,55.2,52.55,52.75,3950,828275
2024-11-13T11:34:00+05:30,52.3,53.85,52.3,52.4,2675,828275
2024-11-13T11:35:00+05:30,53,53,51.2,51.5,7525,828275
2024-11-13T11:36:00+05:30,52.45,53.1,51.8,53.1,5075,824425
2024-11-13T11:37:00+05:30,53.15,54.4,53.1,54.4,2425,824425
2024-11-13T11:38:00+05:30,53.85,54,52,52.35,5500,824425
2024-11-13T11:39:00+05:30,53.45,53.85,52,52,3700,826000
2024-11-13T11:40:00+05:30,52.15,52.55,51.8,52.25,2825,826000
2024-11-13T11:41:00+05:30,52.5,53.6,51.9,51.9,1925,826000
2024-11-13T11:42:00+05:30,53,53.7,52.45,53.7,4500,826000
2024-11-13T11:43:00+05:30,53.35,56,53.35,56,7950,823075
2024-11-13T11:44:00+05:30,56,58.15,56,57.75,5100,823075
2024-11-13T11:45:00+05:30,58,58,55.6,55.6,7000,824100
2024-11-13T11:46:00+05:30,55.1,56.3,53.5,54.35,7750,824100
2024-11-13T11:47:00+05:30,53.7,54.1,52.45,52.75,8850,824100
2024-11-13T11:48:00+05:30,52.6,54.65,52.6,54.15,6125,824100
2024-11-13T11:49:00+05:30,54.65,54.65,51.65,52.15,3925,823250
2024-11-13T11:50:00+05:30,52.4,52.85,51.75,51.75,6875,823250
2024-11-13T11:51:00+05:30,52.75,53.2,51.65,53.2,3000,823250
2024-11-13T11:52:00+05:30,53,53.4,52.45,53.35,3325,822450
2024-11-13T11:53:00+05:30,52.55,53.35,52,53.2,7825,822450
2024-11-13T11:54:00+05:30,53.25,53.3,52.4,52.9,5850,822450
2024-11-13T11:55:00+05:30,52.6,53.15,52,52.05,4100,824775
2024-11-13T11:56:00+05:30,52.4,53.35,52.05,53,9650,824775
2024-11-13T11:57:00+05:30,52.65,53.5,51.8,51.8,5375,824775
2024-11-13T11:58:00+05:30,52,52,50.15,50.3,12875,828475
2024-11-13T11:59:00+05:30,50.55,50.65,49.1,49.1,2875,828475
2024-11-13T12:00:00+05:30,48.9,49.5,46.85,48.05,7000,828475
2024-11-13T12:01:00+05:30,48.2,50.55,47.8,50,2900,830125
2024-11-13T12:02:00+05:30,50.25,51.25,49.5,51.05,4550,830125
2024-11-13T12:03:00+05:30,51.15,51.95,50.3,50.6,7675,830125
2024-11-13T12:04:00+05:30,50.6,52.9,50.6,52.2,1450,829725
2024-11-13T12:05:00+05:30,52.3,52.4,51.3,52,4225,829725
2024-11-13T12:06:00+05:30,52.2,52.2,50.25,51.6,9475,829725
2024-11-13T12:07:00+05:30,51.2,52.2,51.2,51.8,6725,833275
2024-11-13T12:08:00+05:30,52,55,52,54.75,4875,833275
2024-11-13T12:09:00+05:30,54.05,54.05,52.35,53.95,5300,833275
2024-11-13T12:10:00+05:30,53.4,55,53.4,55,6075,832675
2024-11-13T12:11:00+05:30,54.7,55.4,53.95,53.95,5075,832675
2024-11-13T12:12:00+05:30,54,55.75,53.2,54.25,6575,832675
2024-11-13T12:13:00+05:30,54.65,55.7,54.4,55.7,10300,835250
2024-11-13T12:14:00+05:30,56,56.2,54.7,54.7,2750,835250
2024-11-13T12:15:00+05:30,54.6,55.5,53.6,54.25,1400,835250
2024-11-13T12:16:00+05:30,54,55.35,54,54.95,5425,837950
2024-11-13T12:17:00+05:30,53,53.55,52.9,52.9,1325,837950
2024-11-13T12:18:00+05:30,52.45,52.45,50.45,51.4,4525,837950
2024-11-13T12:19:00+05:30,51.3,51.4,50.75,51.15,6850,838850
2024-11-13T12:20:00+05:30,51.3,52.6,51.3,52.6,2425,838850
2024-11-13T12:21:00+05:30,52.9,53.2,52.5,53.2,4025,838850
2024-11-13T12:22:00+05:30,52.6,53.05,50.4,50.4,2700,838900
2024-11-13T12:23:00+05:30,50.6,51.5,50.45,50.6,4725,838900
2024-11-13T12:24:00+05:30,50.95,50.95,49.35,50.35,3825,838900
2024-11-13T12:25:00+05:30,50,51.2,49.65,51,2125,837450
2024-11-13T12:26:00+05:30,50.65,51.05,49.8,50.3,525,837450
2024-11-13T12:27:00+05:30,50.35,52.9,50.35,52.9,2300,837450
2024-11-13T12:28:00+05:30,52.95,53.5,52.45,52.6,875,836425
2024-11-13T12:29:00+05:30,51.9,52.95,51.9,52.95,5075,836425
2024-11-13T12:30:00+05:30,53.45,54.35,52.9,52.95,2950,836425
2024-11-13T12:31:00+05:30,53.7,53.7,51.7,51.7,3700,838525
2024-11-13T12:32:00+05:30,51.4,51.7,50.7,50.7,4825,838525
2024-11-13T12:33:00+05:30,50.15,50.9,49.8,50.15,4900,838525
2024-11-13T12:34:00+05:30,49.75,50.2,48.9,50.2,5625,837150
2024-11-13T12:35:00+05:30,50.25,51.35,50.25,51.2,3000,837150
2024-11-13T12:36:00+05:30,51.2,52,51.2,51.3,2275,837150
2024-11-13T12:37:00+05:30,52.15,52.15,52.1,52.1,75,838525
2024-11-13T12:38:00+05:30,51.85,52.45,51.2,52,4100,838525
2024-11-13T12:39:00+05:30,52.05,52.5,51.5,52.4,800,838525
2024-11-13T12:40:00+05:30,52.25,52.5,51.9,52.4,3200,838925
2024-11-13T12:41:00+05:30,52.65,53.25,52.4,53.1,4950,838925
2024-11-13T12:42:00+05:30,53.1,53.8,52.5,52.55,3150,838925
2024-11-13T12:43:00+05:30,53.2,53.45,52.1,53.4,4275,836575
2024-11-13T12:44:00+05:30,53.6,55.4,53.55,55.15,3675,836575
2024-11-13T12:45:00+05:30,55.15,56.3,54.4,54.4,9625,836575
2024-11-13T12:46:00+05:30,54.3,55,53.8,54,5600,839650
2024-11-13T12:47:00+05:30,54.2,59.6,54.2,59.2,9925,839650
2024-11-13T12:48:00+05:30,59.35,60.75,55,55.45,24900,839650
2024-11-13T12:49:00+05:30,55.3,56.45,55.1,55.85,6900,843850
2024-11-13T12:50:00+05:30,56.3,56.8,55.3,55.7,2650,843850
2024-11-13T12:51:00+05:30,55.95,57.7,55.95,56.2,5950,843850
2024-11-13T12:52:00+05:30,56.7,56.7,54.3,54.3,7100,844325
2024-11-13T12:53:00+05:30,54.55,58.2,54.55,57.95,5575,844325
2024-11-13T12:54:00+05:30,58.2,60.35,58.2,59,11150,844325
2024-11-13T12:55:00+05:30,59.05,59.4,56.7,57.3,6400,844850
2024-11-13T12:56:00+05:30,57.5,58.1,57.45,57.8,1075,844850
2024-11-13T12:57:00+05:30,57.8,59.55,57.3,59.35,9625,844850
2024-11-13T12:58:00+05:30,59.7,62.4,59.55,59.55,34950,850325
2024-11-13T12:59:00+05:30,59.7,60.55,59.1,59.35,36325,850325
2024-11-13T13:00:00+05:30,60,61.7,59.6,61.45,11750,850325
2024-11-13T13:01:00+05:30,61.25,63.7,60.8,60.8,24525,866000
2024-11-13T13:02:00+05:30,61,63.45,61,63.45,11500,866000
2024-11-13T13:03:00+05:30,62.8,62.8,59.65,60.5,15150,866000
2024-11-13T13:04:00+05:30,59.9,61.4,58.6,61.15,10475,871425
2024-11-13T13:05:00+05:30,60,63,60,62.65,4100,871425
2024-11-13T13:06:00+05:30,62.45,63.45,61.15,61.3,6400,871425
2024-11-13T13:07:00+05:30,61,62.7,61,62.25,2450,874225
2024-11-13T13:08:00+05:30,62,64.1,62,63,9675,874225
2024-11-13T13:09:00+05:30,62.6,62.85,59.5,61.2,11025,874225
2024-11-13T13:10:00+05:30,61.65,63.9,61.6,63,12150,876425
2024-11-13T13:11:00+05:30,63.1,64.65,59.8,59.8,8125,876425
2024-11-13T13:12:00+05:30,59.15,59.15,56.25,57.25,16425,876425
2024-11-13T13:13:00+05:30,56.5,56.8,52.3,55.35,10500,879775
2024-11-13T13:14:00+05:30,56.45,57.1,54,54.05,13525,879775
2024-11-13T13:15:00+05:30,54.95,57.8,54.25,57.1,7600,879775
2024-11-13T13:16:00+05:30,57.4,58.85,57.25,57.75,9800,881450
2024-11-13T13:17:00+05:30,58.6,58.8,57.95,58.8,11075,881450
2024-11-13T13:18:00+05:30,57.7,58.7,56.7,57,2250,881450
2024-11-13T13:19:00+05:30,56,56.75,54.6,54.65,3600,878975
2024-11-13T13:20:00+05:30,54.45,55.05,53.85,54.75,2175,878975
2024-11-13T13:21:00+05:30,54.25,55.35,53.95,55,2700,878975
2024-11-13T13:22:00+05:30,54.5,55.75,54.5,55.25,2400,878125
2024-11-13T13:23:00+05:30,55.4,57.7,55.25,57.45,5225,878125
2024-11-13T13:24:00+05:30,57.35,58.25,56.7,56.9,6100,878125
2024-11-13T13:25:00+05:30,57,57,55.3,56.2,4025,873425
2024-11-13T13:26:00+05:30,55.7,58.7,55.4,58.7,5100,873425
2024-11-13T13:27:00+05:30,58.1,58.65,57,57,2850,873425
2024-11-13T13:28:00+05:30,56.9,58.1,56.8,58.1,3450,876375
2024-11-13T13:29:00+05:30,58.5,60.15,58.5,59.4,3575,876375
2024-11-13T13:30:00+05:30,58.95,59.75,57.6,58.55,3800,876375
2024-11-13T13:31:00+05:30,58.65,58.95,56.3,58.95,2700,875750
2024-11-13T13:32:00+05:30,58.7,59.6,58.6,58.85,2450,875750
2024-11-13T13:33:00+05:30,58.6,60,58.35,59.5,9450,875750
2024-11-13T13:34:00+05:30,59.35,59.95,59.35,59.5,5100,874325
2024-11-13T13:35:00+05:30,59.7,60,58.85,58.85,4050,874325
2024-11-13T13:36:00+05:30,58.9,59.4,56.7,56.7,4650,874325
2024-11-13T13:37:00+05:30,57,57.3,55.35,55.35,3725,876025
2024-11-13T13:38:00+05:30,55.7,55.9,50.5,54.5,10825,876025
2024-11-13T13:39:00+05:30,54.35,55.65,54.05,54.7,6275,876025
2024-11-13T13:40:00+05:30,54.2,54.25,53.05,53.55,4575,876475
2024-11-13T13:41:00+05:30,53.6,54.3,52.3,52.4,4225,876475
2024-11-13T13:42:00+05:30,52.5,55.4,52.5,55.05,7850,876475
2024-11-13T13:43:00+05:30,55,55,52.35,52.6,9175,874375
2024-11-13T13:44:00+05:30,52.7,53,50.5,50.5,10250,874375
2024-11-13T13:45:00+05:30,50.85,50.85,45.3,46.85,29800,874375
2024-11-13T13:46:00+05:30,46.55,49.5,46.35,49.15,27675,882850
2024-11-13T13:47:00+05:30,48.95,48.95,45.35,45.65,15825,882850
2024-11-13T13:48:00+05:30,45.75,47.15,45.3,46.35,27075,882850
2024-11-13T13:49:00+05:30,46.15,47.75,46.15,47.7,13475,869050
2024-11-13T13:50:00+05:30,47.5,49.5,45.95,46,8825,869050
2024-11-13T13:51:00+05:30,45.65,47.55,44.5,47.5,6800,869050
2024-11-13T13:52:00+05:30,47.5,49.5,47.5,49.45,7700,868275
2024-11-13T13:53:00+05:30,49.8,50.8,49.6,50.6,2375,868275
2024-11-13T13:54:00+05:30,50.85,50.85,49,50.3,7175,868275
2024-11-13T13:55:00+05:30,50.4,50.6,48.65,48.8,2450,869750
2024-11-13T13:56:00+05:30,49.05,49.05,46.65,47.7,3625,869750
2024-11-13T13:57:00+05:30,45.95,47.8,45.95,46.5,3950,869750
2024-11-13T13:58:00+05:30,46.5,49.7,46.5,49.5,21775,871300
2024-11-13T13:59:00+05:30,50.15,50.8,49.6,50.8,9075,871300
2024-11-13T14:00:00+05:30,49.95,50.7,48.4,49.2,7075,871300
2024-11-13T14:01:00+05:30,48.4,50.45,48.4,49.1,2650,881250
2024-11-13T14:02:00+05:30,49.9,50.25,47.9,47.9,8425,881250
2024-11-13T14:03:00+05:30,48.4,51.9,47.9,51.9,4950,881250
2024-11-13T14:04:00+05:30,52.25,54.35,52.25,53.95,12675,881325
2024-11-13T14:05:00+05:30,53.95,54.7,52.8,53.8,13300,881325
2024-11-13T14:06:00+05:30,53.95,53.95,50.65,50.65,6675,881325
2024-11-13T14:07:00+05:30,51.6,51.7,50.35,50.45,5550,887250
2024-11-13T14:08:00+05:30,50.15,50.65,49.45,50.35,4100,887250
2024-11-13T14:09:00+05:30,50.1,52.75,50,52,7125,887250
2024-11-13T14:10:00+05:30,52.5,52.9,51.65,52.05,4225,890875
2024-11-13T14:11:00+05:30,52.55,54.9,52.55,54.45,8075,890875
2024-11-13T14:12:00+05:30,54.3,58.35,54.3,57.95,22525,890875
2024-11-13T14:13:00+05:30,57.7,57.9,56.4,57.6,17050,893775
2024-11-13T14:14:00+05:30,57.55,57.6,54.25,54.3,13775,893775
2024-11-13T14:15:00+05:30,54.75,56.7,53.8,54.6,3875,893775
2024-11-13T14:16:00+05:30,55.85,56.95,55.85,56,2925,903875
2024-11-13T14:17:00+05:30,56.45,59.15,56.4,58.2,24600,903875
2024-11-13T14:18:00+05:30,58,58.8,57,57.85,18475,903875
2024-11-13T14:19:00+05:30,57.7,59.45,57,57.35,21800,911125
2024-11-13T14:20:00+05:30,57.25,60.65,57.25,60.55,18025,911125
2024-11-13T14:21:00+05:30,61,62.8,60.85,62.55,17950,911125
2024-11-13T14:22:00+05:30,63,63.65,60.8,61.85,21050,915250
2024-11-13T14:23:00+05:30,62.4,63.1,61.3,61.45,25625,915250
2024-11-13T14:24:00+05:30,61.95,63.15,59.8,63.15,11500,915250
2024-11-13T14:25:00+05:30,63,64.7,62.8,63.15,16325,911675
2024-11-13T14:26:00+05:30,62.75,64.45,61.8,64,29925,911675
2024-11-13T14:27:00+05:30,64.15,66.9,60.95,61.85,59250,911675
2024-11-13T14:28:00+05:30,62.5,63.05,61.5,62.5,11925,943500
2024-11-13T14:29:00+05:30,62.2,68.4,62.15,68.15,11100,943500
2024-11-13T14:30:00+05:30,69,72.85,67.65,72.65,40550,943500
2024-11-13T14:31:00+05:30,72.7,74,68.7,68.7,32775,937350
2024-11-13T14:32:00+05:30,69,72,68.6,71.7,33125,937350
2024-11-13T14:33:00+05:30,72,75.4,72,74.1,42175,937350
2024-11-13T14:34:00+05:30,74,78,73.75,76.35,79200,924925
2024-11-13T14:35:00+05:30,76.4,80.9,74.3,76,35375,924925
2024-11-13T14:36:00+05:30,76.3,77.55,75.75,76.75,41050,924925
2024-11-13T14:37:00+05:30,76.6,77.85,73.35,73.35,21800,920250
2024-11-13T14:38:00+05:30,73.45,76.1,70.4,71.05,13625,920250
2024-11-13T14:39:00+05:30,71.65,74,71.3,71.3,8250,920250
2024-11-13T14:40:00+05:30,71.25,75.05,69.4,75.05,16250,920725
2024-11-13T14:41:00+05:30,74.9,79.5,74.9,79.4,15750,920725
2024-11-13T14:42:00+05:30,79.15,79.6,74.65,74.65,21450,920725
2024-11-13T14:43:00+05:30,74.85,77.25,73.8,76.05,6750,919650
2024-11-13T14:44:00+05:30,75.55,77.05,74.75,77.05,13150,919650
2024-11-13T14:45:00+05:30,77.7,81.45,76.75,80.6,19525,919650
2024-11-13T14:46:00+05:30,80.05,80.35,71.55,72,16550,922900
2024-11-13T14:47:00+05:30,73,77.5,73,74.75,11300,922900
2024-11-13T14:48:00+05:30,74.75,74.8,72,74.2,7825,922900
2024-11-13T14:49:00+05:30,74.3,76.3,73.3,74,17350,924475
2024-11-13T14:50:00+05:30,74.05,76.45,72.2,75.7,11900,924475
2024-11-13T14:51:00+05:30,76.05,79.15,75.75,78.9,7075,924475
2024-11-13T14:52:00+05:30,78.6,79.5,76.55,79.45,10525,924400
2024-11-13T14:53:00+05:30,78.8,79.2,70,72,25750,924400
2024-11-13T14:54:00+05:30,71.15,72.15,70.6,70.8,11525,924400
2024-11-13T14:55:00+05:30,71.2,73.15,70.4,73,7925,923600
2024-11-13T14:56:00+05:30,72.35,77.75,72.35,73.3,5400,923600
2024-11-13T14:57:00+05:30,74.05,74.95,72.65,74.05,22575,923600
2024-11-13T14:58:00+05:30,74.9,75.05,72.9,73.9,20400,931925
2024-11-13T14:59:00+05:30,74.85,75,72.95,74,4025,931925
2024-11-13T15:00:00+05:30,73.05,78.3,71.45,77.25,14875,931925
2024-11-13T15:01:00+05:30,78.2,78.4,74.55,76.75,10925,928550
2024-11-13T15:02:00+05:30,76.25,79,75,78.95,11625,928550
2024-11-13T15:03:00+05:30,79.25,81,78.2,80.05,45850,928550
2024-11-13T15:04:00+05:30,80,83.65,77.85,81.9,22825,945700
2024-11-13T15:05:00+05:30,81.9,84.2,81.05,82.75,14500,945700
2024-11-13T15:06:00+05:30,81.95,83.5,81.3,82.8,28350,945700
2024-11-13T15:07:00+05:30,83.05,83.25,78.85,81.8,21475,959950
2024-11-13T15:08:00+05:30,81.45,83.2,80,80,19850,959950
2024-11-13T15:09:00+05:30,80.45,81.35,76.95,77.35,22300,959950
2024-11-13T15:10:00+05:30,77.85,80.4,77.3,78,24200,958000
2024-11-13T15:11:00+05:30,78.3,79.6,77.25,78.75,5600,958000
2024-11-13T15:12:00+05:30,78,79.85,77.1,79,10000,958000
2024-11-13T15:13:00+05:30,78,79.55,78,79.5,6700,951050
2024-11-13T15:14:00+05:30,80,81.2,78.7,78.7,10700,951050
2024-11-13T15:15:00+05:30,78,79.3,72.65,72.8,27675,951050
2024-11-13T15:16:00+05:30,71.3,76.15,71.2,76.15,19100,947300
2024-11-13T15:17:00+05:30,76.9,77.05,72.95,72.95,14150,947300
2024-11-13T15:18:00+05:30,73.1,74.5,72.15,72.15,16575,947300
2024-11-13T15:19:00+05:30,71.95,71.95,68.55,68.55,18000,953475
2024-11-13T15:20:00+05:30,68.65,68.9,66.7,67.6,42350,953475
2024-11-13T15:21:00+05:30,67.4,70.15,67.4,69.35,13825,953475
2024-11-13T15:22:00+05:30,68.9,69.55,67.85,68.7,46900,950600
2024-11-13T15:23:00+05:30,68.3,68.3,67.4,67.9,25225,950600
2024-11-13T15:24:00+05:30,67.9,67.9,65,65,12550,950600
2024-11-13T15:25:00+05:30,64.6,64.85,62.4,62.65,10825,947425
2024-11-13T15:26:00+05:30,62.4,63.65,61.95,63.65,10925,947425
2024-11-13T15:27:00+05:30,63.6,64.6,63.4,64.4,9625,947425
2024-11-13T15:28:00+05:30,64.95,68.8,64.95,68.05,19800,946150
2024-11-13T15:29:00+05:30,68.5,68.75,67.5,67.5,20800,946150
2024-11-14T09:15:00+05:30,73.8,73.8,61.85,70.2,84550,960275
2024-11-14T09:16:00+05:30,72.5,75.25,69.6,71.3,66000,960275
2024-11-14T09:17:00+05:30,73.1,75.75,70,71.25,43750,960275
2024-11-14T09:18:00+05:30,72.5,74,70.1,72.85,25825,972300
2024-11-14T09:19:00+05:30,72.25,72.5,68.65,70.3,28900,972300
2024-11-14T09:20:00+05:30,69.9,74.15,69.9,73.55,21175,972300
2024-11-14T09:21:00+05:30,73.1,81.2,73.1,80.15,64550,990425
2024-11-14T09:22:00+05:30,81.45,81.85,71.5,71.5,38100,990425
2024-11-14T09:23:00+05:30,70.7,72.5,69.6,70.25,57575,990425
2024-11-14T09:24:00+05:30,69.75,69.75,65.55,67.7,74425,1015050
2024-11-14T09:25:00+05:30,67.35,67.7,64.75,67.2,33250,1015050
2024-11-14T09:26:00+05:30,67.2,70.3,67,68.4,17550,1015050
2024-11-14T09:27:00+05:30,68.6,69.45,65.85,67.6,24125,1036750
2024-11-14T09:28:00+05:30,67.8,73.4,67.8,71.35,37700,1036750
2024-11-14T09:29:00+05:30,71.55,72.9,69.4,70.9,29250,1036750
2024-11-14T09:30:00+05:30,70.35,70.5,65.6,69.15,54225,1054425
2024-11-14T09:31:00+05:30,67.9,67.95,64.3,66.8,47575,1054425
2024-11-14T09:32:00+05:30,66.8,68.65,65.85,66.35,19950,1054425
2024-11-14T09:33:00+05:30,68.2,69.35,65.35,66.8,58675,1062450
2024-11-14T09:34:00+05:30,66.6,66.6,63.1,66,25025,1062450
2024-11-14T09:35:00+05:30,67.35,68.15,65.45,67.05,14925,1062450
2024-11-14T09:36:00+05:30,68.45,68.45,63.3,66.05,23050,1064850
2024-11-14T09:37:00+05:30,66.1,67.15,65.3,65.6,22575,1064850
2024-11-14T09:38:00+05:30,65.4,67.1,63,63.7,34575,1064850
2024-11-14T09:39:00+05:30,65.2,65.4,62.05,63.3,18825,1059800
2024-11-14T09:40:00+05:30,63.65,66.65,63.65,64.85,26575,1059800
2024-11-14T09:41:00+05:30,64.7,78.8,62.65,78.8,93800,1059800
2024-11-14T09:42:00+05:30,80.65,83.35,70.25,70.25,70525,1060875
2024-11-14T09:43:00+05:30,69.25,73.05,68.6,68.85,27600,1060875
2024-11-14T09:44:00+05:30,68.05,70.5,65.6,67.4,55450,1060875
2024-11-14T09:45:00+05:30,67.65,70.55,66.8,69,43800,1056100
2024-11-14T09:46:00+05:30,68.7,70.9,63.9,65.3,30675,1056100
2024-11-14T09:47:00+05:30,65.25,65.9,62.8,65,14550,1056100
2024-11-14T09:48:00+05:30,64,66.95,63.85,66.95,9150,1063275
2024-11-14T09:49:00+05:30,66.6,68,64.65,67.25,17950,1063275
2024-11-14T09:50:00+05:30,67.8,69,66.05,66.25,15975,1063275
2024-11-14T09:51:00+05:30,66.7,68.85,65.95,66.6,32800,1068275
2024-11-14T09:52:00+05:30,66,68.8,64.95,68.8,23175,1068275
2024-11-14T09:53:00+05:30,68.45,69.05,66.25,66.75,20575,1068275
2024-11-14T09:54:00+05:30,66.35,66.7,64.25,66.25,26125,1084325
2024-11-14T09:55:00+05:30,65.95,65.95,61.2,62.35,14825,1084325
2024-11-14T09:56:00+05:30,62.95,62.95,60.2,60.9,17950,1084325
2024-11-14T09:57:00+05:30,60.45,61.95,59.45,61.4,25250,1087475
2024-11-14T09:58:00+05:30,61.25,62.7,60,60.25,8325,1087475
2024-11-14T09:59:00+05:30,61.1,61.45,59.7,60.85,25225,1087475
2024-11-14T10:00:00+05:30,60.95,61.1,51.1,52.45,48025,1100650
2024-11-14T10:01:00+05:30,51.65,53.4,50.1,50.1,40150,1100650
2024-11-14T10:02:00+05:30,50.5,52.8,50,51.75,42275,1100650
2024-11-14T10:03:00+05:30,51,51.7,49,51,52700,1097800
2024-11-14T10:04:00+05:30,50.5,51.15,47.55,51.1,18925,1097800
2024-11-14T10:05:00+05:30,50.15,51.6,48.8,51.4,38250,1097800
2024-11-14T10:06:00+05:30,51.3,52.3,50,50.15,20625,1105350
2024-11-14T10:07:00+05:30,50.25,51.25,49.55,50.75,19675,1105350
2024-11-14T10:08:00+05:30,50.35,52.35,50.3,51.25,15175,1105350
2024-11-14T10:09:00+05:30,52.3,52.95,51.7,52.55,17400,1110950
2024-11-14T10:10:00+05:30,52.35,55.2,52.15,55.2,17775,1110950
2024-11-14T10:11:00+05:30,55.3,55.3,53.6,54.6,17775,1110950
2024-11-14T10:12:00+05:30,54.45,54.6,52.55,52.55,12725,1104700
2024-11-14T10:13:00+05:30,52.45,52.45,51,51.5,10450,1104700
2024-11-14T10:14:00+05:30,51.65,54.45,51.65,54.15,13500,1104700
2024-11-14T10:15:00+05:30,54.25,54.3,52.35,52.55,25900,1101600
2024-11-14T10:16:00+05:30,53.4,54.85,52.6,52.6,19675,1101600
2024-11-14T10:17:00+05:30,52.65,55.15,52.45,54.15,11525,1101600
2024-11-14T10:18:00+05:30,54.1,55.2,53.15,53.85,12875,1098575
2024-11-14T10:19:00+05:30,54,54.75,53,54.65,29725,1098575
2024-11-14T10:20:00+05:30,54.2,54.75,53.45,53.65,11425,1098575
2024-11-14T10:21:00+05:30,53.8,53.8,49.6,53,36525,1107775
2024-11-14T10:22:00+05:30,52.7,54.65,51.85,51.9,23225,1107775
2024-11-14T10:23:00+05:30,51.7,52.35,50.85,51.25,15100,1107775
2024-11-14T10:24:00+05:30,51.6,53.4,51.6,53.4,8775,1103300
2024-11-14T10:25:00+05:30,52.95,56.4,52.95,54.8,19150,1103300
2024-11-14T10:26:00+05:30,55.35,55.65,52.75,53.5,24075,1103300
2024-11-14T10:27:00+05:30,53.6,56.35,53.05,55.75,17750,1110925
2024-11-14T10:28:00+05:30,55.55,56.5,54.65,55.9,12125,1110925
2024-11-14T10:29:00+05:30,56.4,56.95,55.65,56.55,11450,1110925
2024-11-14T10:30:00+05:30,57,57.65,54.8,54.85,52525,1096350
2024-11-14T10:31:00+05:30,54.8,54.8,53.3,54.2,25050,1096350
2024-11-14T10:32:00+05:30,53.8,55,52.75,53.05,9825,1096350
2024-11-14T10:33:00+05:30,53.7,54.35,52.6,54.35,7775,1091150
2024-11-14T10:34:00+05:30,54.2,54.3,52.4,52.4,26400,1091150
2024-11-14T10:35:00+05:30,52.7,54.95,52.2,54.75,13575,1091150
2024-11-14T10:36:00+05:30,55,55.45,54,54,10850,1095750
2024-11-14T10:37:00+05:30,54.05,55,52.4,54.55,22300,1095750
2024-11-14T10:38:00+05:30,55.05,56.6,53.65,55.15,57000,1095750
2024-11-14T10:39:00+05:30,55.65,60.85,55.65,59.6,45475,1089450
2024-11-14T10:40:00+05:30,59.2,60.2,58.5,59.2,23100,1089450
2024-11-14T10:41:00+05:30,58.5,59.1,55.85,56.4,16025,1089450
2024-11-14T10:42:00+05:30,56.8,58.35,56.2,58,8225,1090700
2024-11-14T10:43:00+05:30,58.9,60.75,58.6,60.7,17650,1090700
2024-11-14T10:44:00+05:30,60.6,60.6,57.25,57.35,19775,1090700
2024-11-14T10:45:00+05:30,57.25,61,56.45,61,18275,1090775
2024-11-14T10:46:00+05:30,60.6,65.45,59.8,62.3,72250,1090775
2024-11-14T10:47:00+05:30,62.7,62.7,58.4,59.15,22000,1090775
2024-11-14T10:48:00+05:30,58.35,60,58.35,59.15,16500,1093550
2024-11-14T10:49:00+05:30,58.65,59.55,58,58.6,13875,1093550
2024-11-14T10:50:00+05:30,58.1,60.2,58,59.8,10975,1093550
2024-11-14T10:51:00+05:30,59.6,60.9,58.45,60.2,11875,1094575
2024-11-14T10:52:00+05:30,60.05,61.5,60.05,61,8450,1094575
2024-11-14T10:53:00+05:30,61.15,65.95,60.3,65,44250,1094575
2024-11-14T10:54:00+05:30,65.1,65.1,63.05,63.5,17575,1110700
2024-11-14T10:55:00+05:30,63.05,63.45,60.2,60.2,25575,1110700
2024-11-14T10:56:00+05:30,60.75,63.3,60.1,63.05,10125,1110700
2024-11-14T10:57:00+05:30,63.15,63.55,61.55,61.55,22300,1110700
2024-11-14T10:58:00+05:30,61.6,64.45,61.4,61.65,22225,1110400
2024-11-14T10:59:00+05:30,62.35,63.65,61.7,63.35,3300,1110400
2024-11-14T11:00:00+05:30,63.3,63.3,60.6,62.3,13900,1110400
2024-11-14T11:01:00+05:30,62.35,66,61.9,65,40450,1105275
2024-11-14T11:02:00+05:30,65.5,66,64.7,65.15,19600,1105275
2024-11-14T11:03:00+05:30,65.4,66.2,64.9,65.7,13300,1105275
2024-11-14T11:04:00+05:30,66.6,67.4,66.15,66.45,22950,1101225
2024-11-14T11:05:00+05:30,66.4,69,65.45,68.8,50100,1101225
2024-11-14T11:06:00+05:30,69.45,73.35,68.85,69.85,67100,1101225
2024-11-14T11:07:00+05:30,70.6,73.5,70.5,73.5,67025,1109000
2024-11-14T11:08:00+05:30,73.1,75.55,72.3,73.4,56275,1109000
2024-11-14T11:09:00+05:30,73.05,73.15,69.15,70.2,28825,1109000
2024-11-14T11:10:00+05:30,69.7,70.5,68.75,69.65,28125,1100625
2024-11-14T11:11:00+05:30,69.7,72.5,69.45,72.4,18050,1100625
2024-11-14T11:12:00+05:30,73.3,74.45,73,74.45,27850,1100625
2024-11-14T11:13:00+05:30,75.3,79.3,75,78.15,143900,1100925
2024-11-14T11:14:00+05:30,77.7,78.15,74.95,77.55,64950,1100925
2024-11-14T11:15:00+05:30,77.05,78,76.6,77,42425,1100925
2024-11-14T11:16:00+05:30,76.65,77.5,72.05,72.85,49800,1148175
2024-11-14T11:17:00+05:30,73,74.15,73,73.25,41625,1148175
2024-11-14T11:18:00+05:30,73.4,73.65,72.15,72.4,10750,1148175
2024-11-14T11:19:00+05:30,71.75,72.25,69.95,71.05,30275,1163550
2024-11-14T11:20:00+05:30,71.2,74.7,71.2,74.7,56175,1163550
2024-11-14T11:21:00+05:30,75.15,75.55,73.5,73.8,15900,1163550
2024-11-14T11:22:00+05:30,73.65,73.9,70.45,70.75,24350,1170275
2024-11-14T11:23:00+05:30,71.75,72.75,71.3,72.45,16475,1170275
2024-11-14T11:24:00+05:30,72.4,72.5,70.9,70.9,23125,1170275
2024-11-14T11:25:00+05:30,70.5,71.7,69.9,71.7,9500,1177475
2024-11-14T11:26:00+05:30,71.55,72.95,71.5,71.55,14400,1177475
2024-11-14T11:27:00+05:30,71.5,72.8,70.45,70.45,7000,1177475
2024-11-14T11:28:00+05:30,70.75,71.3,69.05,71.3,16100,1183550
2024-11-14T11:29:00+05:30,70.8,71.3,69.4,70.5,5175,1183550
2024-11-14T11:30:00+05:30,70.3,72,70.3,71.4,31100,1183550
2024-11-14T11:31:00+05:30,71.9,72.75,71.5,72.65,17300,1182625
2024-11-14T11:32:00+05:30,72.2,72.55,71.2,71.9,21250,1182625
2024-11-14T11:33:00+05:30,71.5,71.65,70.05,70.05,14150,1182625
2024-11-14T11:34:00+05:30,70.15,70.15,65.45,65.45,65200,1185325
2024-11-14T11:35:00+05:30,65.35,65.55,64.45,65.5,38650,1185325
2024-11-14T11:36:00+05:30,65.6,67.45,65,67.45,34775,1185325
2024-11-14T11:37:00+05:30,66.85,69.7,66.85,69.35,19375,1180975
2024-11-14T11:38:00+05:30,69.85,71.25,69.65,70.95,23275,1180975
2024-11-14T11:39:00+05:30,70.65,71.25,69.8,71.15,15100,1180975
2024-11-14T11:40:00+05:30,71,71,69.3,69.35,34700,1185900
2024-11-14T11:41:00+05:30,69.45,69.45,66.2,66.2,58700,1185900
2024-11-14T11:42:00+05:30,66.35,66.65,64.65,66.65,34400,1185900
2024-11-14T11:43:00+05:30,67.1,68.4,66.65,68.4,11225,1180400
2024-11-14T11:44:00+05:30,67.95,68.65,67.3,68.6,30300,1180400
2024-11-14T11:45:00+05:30,67.9,68.15,66.3,66.5,33025,1180400
2024-11-14T11:46:00+05:30,67.1,68,67.1,67.3,2725,1162100
2024-11-14T11:47:00+05:30,67.85,69.25,67.35,69.25,6725,1162100
2024-11-14T11:48:00+05:30,68.95,69.35,68.3,68.3,11225,1162100
2024-11-14T11:49:00+05:30,68.35,68.35,66.9,67.3,25175,1163350
2024-11-14T11:50:00+05:30,66.95,67.7,66.45,66.9,8500,1163350
2024-11-14T11:51:00+05:30,66.7,68.25,66.7,67.9,4925,1163350
2024-11-14T11:52:00+05:30,67.75,70.15,67.75,70,14100,1172225
2024-11-14T11:53:00+05:30,70,70.9,68.05,68.4,49150,1172225
2024-11-14T11:54:00+05:30,68.45,70.15,68.05,69.95,34950,1172225
2024-11-14T11:55:00+05:30,70,70.65,68.75,68.75,25400,1194375
2024-11-14T11:56:00+05:30,68.45,69.25,67.25,67.25,32975,1194375
2024-11-14T11:57:00+05:30,67.35,67.8,66.8,67.05,28625,1194375
2024-11-14T11:58:00+05:30,66.6,67.05,64,65.8,49925,1227575
2024-11-14T11:59:00+05:30,65.55,66,63.5,64,56450,1227575
2024-11-14T12:00:00+05:30,63.8,64,61.75,63.3,45525,1227575
2024-11-14T12:01:00+05:30,63.35,64.2,63.1,63.85,19875,1277800
2024-11-14T12:02:00+05:30,64.35,64.55,63.55,64.35,30225,1277800
2024-11-14T12:03:00+05:30,63.85,64,63,63.6,28850,1277800
2024-11-14T12:04:00+05:30,63.55,63.9,62.3,62.3,21800,1298825
2024-11-14T12:05:00+05:30,62.45,62.95,60.6,60.8,33050,1298825
2024-11-14T12:06:00+05:30,60.4,60.75,57.9,59.6,61825,1298825
2024-11-14T12:07:00+05:30,59.2,60.9,59.2,60.65,24000,1316600
2024-11-14T12:08:00+05:30,60.95,61,59.8,59.85,35750,1316600
2024-11-14T12:09:00+05:30,59.85,60.5,59.15,59.85,32775,1316600
2024-11-14T12:10:00+05:30,59.7,60.05,59.2,59.45,17575,1304700
2024-11-14T12:11:00+05:30,59.25,60.15,59.15,59.55,10275,1304700
2024-11-14T12:12:00+05:30,60,60,56.55,57.2,24550,1304700
2024-11-14T12:13:00+05:30,56.85,57.2,54.45,54.5,84900,1306375
2024-11-14T12:14:00+05:30,54.4,54.4,50.1,51.75,113650,1306375
2024-11-14T12:15:00+05:30,52.2,54.8,52.1,53.15,35650,1306375
2024-11-14T12:16:00+05:30,53.25,54.65,53.05,54.65,52700,1228600
2024-11-14T12:17:00+05:30,54.15,54.75,52.8,53,48600,1228600
2024-11-14T12:18:00+05:30,53.35,54.5,53.15,53.15,15675,1228600
2024-11-14T12:19:00+05:30,53.6,54.6,53.5,54.2,12625,1236950
2024-11-14T12:20:00+05:30,54.9,57.9,54.7,57.9,43125,1236950
2024-11-14T12:21:00+05:30,58,58.7,57.4,57.75,22050,1236950
2024-11-14T12:22:00+05:30,57.65,58.6,57.15,58.25,11400,1237875
2024-11-14T12:23:00+05:30,57.7,58.15,57.5,57.8,9275,1237875
2024-11-14T12:24:00+05:30,58.3,59.45,58.15,58.9,16050,1237875
2024-11-14T12:25:00+05:30,58.5,59.9,58.4,59.4,23000,1242700
2024-11-14T12:26:00+05:30,59.35,59.6,58.75,59,13800,1242700
2024-11-14T12:27:00+05:30,59,60,58.75,59.8,11800,1242700
2024-11-14T12:28:00+05:30,59.8,61.5,59.8,61.1,29775,1241200
2024-11-14T12:29:00+05:30,61.3,61.7,60.85,61.1,23825,1241200
2024-11-14T12:30:00+05:30,61.45,63.35,61.3,63,26275,1241200
2024-11-14T12:31:00+05:30,63.1,65,63.1,63.55,27250,1241525
2024-11-14T12:32:00+05:30,63.5,64.35,62.05,62.05,18800,1241525
2024-11-14T12:33:00+05:30,62.35,63.2,62,63.2,22775,1241525
2024-11-14T12:34:00+05:30,63.1,63.7,62.65,63.3,17425,1236500
2024-11-14T12:35:00+05:30,63.65,64.5,63.15,64,26375,1236500
2024-11-14T12:36:00+05:30,64.05,66.55,64.05,64.8,30400,1236500
2024-11-14T12:37:00+05:30,65,66,65,65.45,16825,1246375
2024-11-14T12:38:00+05:30,66.3,66.5,64.75,65.95,34200,1246375
2024-11-14T12:39:00+05:30,65.6,66,63.5,63.5,19000,1246375
2024-11-14T12:40:00+05:30,63.65,64.45,63,63.1,23275,1247800
2024-11-14T12:41:00+05:30,62.6,62.6,59.95,62,34350,1247800
2024-11-14T12:42:00+05:30,62.45,62.45,62,62.35,9250,1247800
2024-11-14T12:43:00+05:30,62.35,62.7,61.6,61.85,17425,1241875
2024-11-14T12:44:00+05:30,61.8,63,61.5,63,9825,1241875
2024-11-14T12:45:00+05:30,63.2,63.95,62.7,62.95,10850,1241875
2024-11-14T12:46:00+05:30,62.8,63.6,62.45,63,7750,1237350
2024-11-14T12:47:00+05:30,62.75,63.25,61.75,62.7,13725,1237350
2024-11-14T12:48:00+05:30,62.95,63.3,61.8,61.8,6900,1237350
2024-11-14T12:49:00+05:30,61.75,62.6,61.2,61.75,22875,1242400
2024-11-14T12:50:00+05:30,61.5,62.5,61,62.5,6300,1242400
2024-11-14T12:51:00+05:30,62.65,63.4,62.55,62.9,5625,1242400
2024-11-14T12:52:00+05:30,62.7,62.85,60.4,60.7,10275,1243150
2024-11-14T12:53:00+05:30,60.4,61,58.35,58.6,45800,1243150
2024-11-14T12:54:00+05:30,58.25,59.65,57.4,57.8,12250,1243150
2024-11-14T12:55:00+05:30,57.65,59.15,57.2,59.15,16075,1230875
2024-11-14T12:56:00+05:30,59.25,60.65,59.25,59.95,22050,1230875
2024-11-14T12:57:00+05:30,60.2,62.5,59.9,62.35,16825,1230875
2024-11-14T12:58:00+05:30,62.2,63.6,61.6,62.5,35150,1237375
2024-11-14T12:59:00+05:30,62.15,63,62,62.05,36750,1237375
2024-11-14T13:00:00+05:30,62.25,62.5,61,61.25,9025,1237375
2024-11-14T13:01:00+05:30,61.2,61.25,59.65,59.8,14250,1243450
2024-11-14T13:02:00+05:30,59.5,61.4,59.5,60.55,35850,1243450
2024-11-14T13:03:00+05:30,60.7,63.6,60.7,62.55,20625,1243450
2024-11-14T13:04:00+05:30,62.55,62.8,61.1,61.4,11850,1236925
2024-11-14T13:05:00+05:30,61.4,61.55,60.2,60.65,5850,1236925
2024-11-14T13:06:00+05:30,61.1,61.6,60.75,61,2600,1236925
2024-11-14T13:07:00+05:30,61,61.6,59.75,60.6,16200,1239425
2024-11-14T13:08:00+05:30,60.3,61,59.65,59.65,7625,1239425
2024-11-14T13:09:00+05:30,59.6,59.7,57.95,59.2,11475,1239425
2024-11-14T13:10:00+05:30,59.45,59.65,58,58.25,15300,1240400
2024-11-14T13:11:00+05:30,58.15,59.4,57.75,59,3500,1240400
2024-11-14T13:12:00+05:30,59.3,59.3,58,58.25,30500,1240400
2024-11-14T13:13:00+05:30,58.45,59.2,58.15,59.2,37875,1262125
2024-11-14T13:14:00+05:30,59.6,59.6,58.6,58.95,9100,1262125
2024-11-14T13:15:00+05:30,59.3,59.3,56.3,56.7,11425,1262125
2024-11-14T13:16:00+05:30,56.75,57.1,55.85,56.1,32725,1284100
2024-11-14T13:17:00+05:30,56.1,57.1,55.2,57.1,18300,1284100
2024-11-14T13:18:00+05:30,57.1,57.75,56.55,57.3,4925,1284100
2024-11-14T13:19:00+05:30,57.05,57.55,56.55,57.35,8075,1278200
2024-11-14T13:20:00+05:30,57.15,57.95,56.7,57.9,18900,1278200
2024-11-14T13:21:00+05:30,57.7,59.95,57.7,59.5,15625,1278200
2024-11-14T13:22:00+05:30,59.65,59.95,59.15,59.35,10075,1282175
2024-11-14T13:23:00+05:30,59.25,59.7,57.7,57.7,8675,1282175
2024-11-14T13:24:00+05:30,57.75,58.2,56.6,56.7,10825,1282175
2024-11-14T13:25:00+05:30,56.95,57.05,55.3,55.3,17525,1287525
2024-11-14T13:26:00+05:30,55.5,56,54,54.25,18375,1287525
2024-11-14T13:27:00+05:30,53.9,54.1,52.15,52.95,20975,1287525
2024-11-14T13:28:00+05:30,52.8,53,51.8,52.45,22125,1289825
2024-11-14T13:29:00+05:30,52.6,53.8,52.6,53.75,11900,1289825
2024-11-14T13:30:00+05:30,53.65,56,53.65,55.5,34950,1289825
2024-11-14T13:31:00+05:30,55.4,56.6,55.4,56.05,10075,1291575
2024-11-14T13:32:00+05:30,56,60.35,56,60.25,37150,1291575
2024-11-14T13:33:00+05:30,60.2,60.45,59.5,60,17650,1291575
2024-11-14T13:34:00+05:30,59.95,61.45,59.95,60.95,15525,1276625
2024-11-14T13:35:00+05:30,61,61.25,58.8,59.65,21575,1276625
2024-11-14T13:36:00+05:30,59.8,60,57.4,57.95,29200,1276625
2024-11-14T13:37:00+05:30,57.95,58.45,57.25,57.4,15125,1275375
2024-11-14T13:38:00+05:30,57.8,58.4,57.7,58.4,4400,1275375
2024-11-14T13:39:00+05:30,58.4,61.4,58.2,61.4,11400,1275375
2024-11-14T13:40:00+05:30,61.55,63.9,61.2,62.8,48175,1278975
2024-11-14T13:41:00+05:30,62.95,63.85,62.85,62.95,16750,1278975
2024-11-14T13:42:00+05:30,62.8,65.35,62.8,64.5,43750,1278975
2024-11-14T13:43:00+05:30,64.65,65.8,64.55,65.2,17600,1267575
2024-11-14T13:44:00+05:30,65.25,65.3,63.6,63.6,25825,1267575
2024-11-14T13:45:00+05:30,63.25,64.15,62.55,63.45,16250,1267575
2024-11-14T13:46:00+05:30,63.3,64.05,61.55,61.75,27900,1278750
2024-11-14T13:47:00+05:30,62.35,62.35,60.7,61.1,20025,1278750
2024-11-14T13:48:00+05:30,61.25,65.1,61.25,64.65,41200,1278750
2024-11-14T13:49:00+05:30,64.6,64.75,63.15,63.65,22525,1301500
2024-11-14T13:50:00+05:30,63.2,63.2,61.05,61.2,17450,1301500
2024-11-14T13:51:00+05:30,61,61.45,59.25,60.35,20150,1301500
2024-11-14T13:52:00+05:30,60.3,63.15,60.3,63.15,34825,1303775
2024-11-14T13:53:00+05:30,62.95,64,62.2,62.95,30050,1303775
2024-11-14T13:54:00+05:30,62.85,64.3,62.75,63.3,12050,1303775
2024-11-14T13:55:00+05:30,63.4,63.4,60.15,60.2,23625,1318300
2024-11-14T13:56:00+05:30,60.3,61.45,60,61.45,13200,1318300
2024-11-14T13:57:00+05:30,61.5,62.25,60.9,61.6,14100,1318300
2024-11-14T13:58:00+05:30,61.4,61.55,59.85,60.85,12175,1315925
2024-11-14T13:59:00+05:30,60.8,61.1,59.6,60.55,13175,1315925
2024-11-14T14:00:00+05:30,61,62.05,60.8,60.85,23925,1315925
2024-11-14T14:01:00+05:30,60.9,60.9,60.1,60.65,12275,1326100
2024-11-14T14:02:00+05:30,60.95,61.55,59.05,59.05,25800,1326100
2024-11-14T14:03:00+05:30,58.05,58.45,56.6,57.95,24025,1326100
2024-11-14T14:04:00+05:30,57.9,59.55,57.9,58.9,17475,1327750
2024-11-14T14:05:00+05:30,58.95,61,58.95,59.9,10000,1327750
2024-11-14T14:06:00+05:30,60,60.45,59.5,60.1,14525,1327750
2024-11-14T14:07:00+05:30,60.45,62.15,60.2,61.8,27125,1330825
2024-11-14T14:08:00+05:30,62,62,60.2,60.4,9350,1330825
2024-11-14T14:09:00+05:30,60.55,60.7,59.3,59.5,3500,1330825
2024-11-14T14:10:00+05:30,59.3,60,59.3,59.35,13300,1331700
2024-11-14T14:11:00+05:30,59.4,60.8,59.4,60.7,8325,1331700
2024-11-14T14:12:00+05:30,60.55,61.75,60.3,61.65,12825,1331700
2024-11-14T14:13:00+05:30,61.35,61.35,58.9,59,18175,1330425
2024-11-14T14:14:00+05:30,58.6,59.05,58.3,58.45,8350,1330425
2024-11-14T14:15:00+05:30,58.55,59.35,57.75,58.7,18600,1330425
2024-11-14T14:16:00+05:30,59,60.15,59,60.15,10575,1344050
2024-11-14T14:17:00+05:30,60.55,61.8,58.85,58.9,22950,1344050
2024-11-14T14:18:00+05:30,58.8,59.55,58.55,58.85,10150,1344050
2024-11-14T14:19:00+05:30,58.8,59.4,58.75,59.4,4500,1354350
2024-11-14T14:20:00+05:30,59.3,60.85,58.55,58.8,8900,1354350
2024-11-14T14:21:00+05:30,59,60,59,59.2,13775,1354350
2024-11-14T14:22:00+05:30,59.05,60,59,59.35,15000,1357250
2024-11-14T14:23:00+05:30,59.7,60.85,59.1,59.55,24450,1357250
2024-11-14T14:24:00+05:30,59.55,60.1,58.85,58.9,15250,1357250
2024-11-14T14:25:00+05:30,59,59.3,58,58,17425,1354850
2024-11-14T14:26:00+05:30,58.05,60.9,58.05,60.1,27525,1354850
2024-11-14T14:27:00+05:30,60.4,60.85,60.2,60.45,42825,1354850
2024-11-14T14:28:00+05:30,60.45,60.95,59.6,59.6,44550,1362350
2024-11-14T14:29:00+05:30,59.35,59.95,59,59.95,18275,1362350
2024-11-14T14:30:00+05:30,59.9,60,59.05,59.25,11450,1362350
2024-11-14T14:31:00+05:30,59.4,60,58.85,59.05,21300,1369575
2024-11-14T14:32:00+05:30,59.2,59.95,59.1,59.7,7325,1369575
2024-11-14T14:33:00+05:30,60,60,58.2,59.05,16100,1369575
2024-11-14T14:34:00+05:30,59,60.2,58.55,60.1,24950,1383750
2024-11-14T14:35:00+05:30,59.9,60,59.4,59.7,8025,1383750
2024-11-14T14:36:00+05:30,59.7,60.3,59.7,60,10625,1383750
2024-11-14T14:37:00+05:30,60.05,60.6,60,60.2,16500,1383425
2024-11-14T14:38:00+05:30,60.2,61,59.6,60.4,8825,1383425
2024-11-14T14:39:00+05:30,60.75,60.8,59.35,59.8,11325,1383425
2024-11-14T14:40:00+05:30,60.05,61.95,59.8,61.2,7250,1372650
2024-11-14T14:41:00+05:30,61.5,62.4,60.4,60.4,35725,1372650
2024-11-14T14:42:00+05:30,60.5,60.5,59.8,60,8875,1372650
2024-11-14T14:43:00+05:30,60.05,60.9,59.65,60.25,5975,1380175
2024-11-14T14:44:00+05:30,60.2,61.15,60.15,60.95,10825,1380175
2024-11-14T14:45:00+05:30,61.25,62.7,61.2,62.5,20975,1380175
2024-11-14T14:46:00+05:30,62.3,64.75,62.3,63.3,27075,1370200
2024-11-14T14:47:00+05:30,63,63.15,61.6,62.2,14350,1370200
2024-11-14T14:48:00+05:30,62.25,62.25,60,60.5,24500,1370200
2024-11-14T14:49:00+05:30,60.55,61.85,60.55,61.35,12625,1373400
2024-11-14T14:50:00+05:30,61.1,62.25,61.1,62,17150,1373400
2024-11-14T14:51:00+05:30,62.1,63.35,61.25,61.25,30850,1373400
2024-11-14T14:52:00+05:30,60.9,61.5,59.6,60.1,26125,1368325
2024-11-14T14:53:00+05:30,60.95,63.1,60.95,62.4,24400,1368325
2024-11-14T14:54:00+05:30,62.2,62.4,61.25,62.25,14250,1368325
2024-11-14T14:55:00+05:30,62.3,62.6,61.35,61.65,15725,1363525
2024-11-14T14:56:00+05:30,62,62.9,62,62.35,43950,1363525
2024-11-14T14:57:00+05:30,62.3,63.35,61.45,62.25,17825,1363525
2024-11-14T14:58:00+05:30,62.1,62.8,61.65,62.4,40850,1343075
2024-11-14T14:59:00+05:30,62.9,63.2,61.8,62.3,11275,1343075
2024-11-14T15:00:00+05:30,62,67.95,61.8,65.65,66200,1343075
2024-11-14T15:01:00+05:30,65.9,66,62.95,65.8,48100,1342525
2024-11-14T15:02:00+05:30,65.75,67.55,65.6,65.95,40875,1342525
2024-11-14T15:03:00+05:30,66,66.5,63,63.15,67150,1342525
2024-11-14T15:04:00+05:30,63.1,64.8,63.05,64,26825,1369075
2024-11-14T15:05:00+05:30,64.05,65.3,63.65,65.3,43300,1369075
2024-11-14T15:06:00+05:30,65.3,71.05,65.3,71.05,74125,1369075
2024-11-14T15:07:00+05:30,70.75,71.7,60.45,61.1,180625,1367100
2024-11-14T15:08:00+05:30,60.75,61.35,54.05,56.45,118700,1367100
2024-11-14T15:09:00+05:30,56.25,57.85,55.25,57.6,55725,1367100
2024-11-14T15:10:00+05:30,57.2,62.85,57,62.1,83750,1369300
2024-11-14T15:11:00+05:30,62.45,64,60,60.75,79475,1369300
2024-11-14T15:12:00+05:30,60.1,60.3,57.45,59.2,58750,1369300
2024-11-14T15:13:00+05:30,58.85,59.95,58.5,59,125125,1413525
2024-11-14T15:14:00+05:30,58.8,58.9,57.25,57.95,38675,1413525
2024-11-14T15:15:00+05:30,58.1,59.15,57.55,59.15,39950,1413525
2024-11-14T15:16:00+05:30,59.3,59.3,58.3,58.6,26000,1412800
2024-11-14T15:17:00+05:30,58.4,59.05,58.2,58.9,41575,1412800
2024-11-14T15:18:00+05:30,59,60.2,58.95,59.2,63875,1412800
2024-11-14T15:19:00+05:30,59.1,59.35,58.4,58.4,29875,1418150
2024-11-14T15:20:00+05:30,58.15,59.15,57.35,57.45,49250,1418150
2024-11-14T15:21:00+05:30,57.45,57.45,56.35,57.2,66450,1418150
2024-11-14T15:22:00+05:30,57.35,58.65,57.15,58.05,35325,1423725
2024-11-14T15:23:00+05:30,58,58,57.1,57.2,43600,1423725
2024-11-14T15:24:00+05:30,57.25,58,57.2,57.6,40350,1423725
2024-11-14T15:25:00+05:30,57.75,58.8,57.75,58.35,54200,1433875
2024-11-14T15:26:00+05:30,58.2,58.2,57.2,57.5,42150,1433875
2024-11-14T15:27:00+05:30,57.25,57.5,57,57.3,54725,1433875
2024-11-14T15:28:00+05:30,57.1,58.45,57.1,57.3,51800,1438025
2024-11-14T15:29:00+05:30,57.25,57.45,50.8,52,243875,1438025
2024-11-18T09:15:00+05:30,45.2,75.45,45.05,53.45,483100,1603775
2024-11-18T09:16:00+05:30,52.95,61.2,52.95,58.1,511425,1603775
2024-11-18T09:17:00+05:30,59.05,67.8,59.05,67.35,450425,1603775
2024-11-18T09:18:00+05:30,67.5,68.65,58,62.1,351375,2011100
2024-11-18T09:19:00+05:30,62.9,66.3,62.2,63.4,365275,2011100
2024-11-18T09:20:00+05:30,62.3,79.2,62.15,70.6,468375,2011100
2024-11-18T09:21:00+05:30,70.4,74.15,69.1,71.9,286400,2200625
2024-11-18T09:22:00+05:30,73.1,73.25,65.45,67.55,264300,2200625
2024-11-18T09:23:00+05:30,66.35,67.95,65.2,66.6,200225,2200625
2024-11-18T09:24:00+05:30,66.8,74.65,66.8,71.4,312425,2334525
2024-11-18T09:25:00+05:30,70.65,73.6,70.4,71.8,250450,2334525
2024-11-18T09:26:00+05:30,70.05,88.5,70.05,87.75,775950,2334525
2024-11-18T09:27:00+05:30,86.15,86.15,76.1,78.8,510225,2265950
2024-11-18T09:28:00+05:30,78.2,81.1,75.35,78.35,225450,2265950
2024-11-18T09:29:00+05:30,79.15,84.75,79.15,82.05,289475,2265950
2024-11-18T09:30:00+05:30,82.2,82.2,74.8,75,296850,2332300
2024-11-18T09:31:00+05:30,72.7,76.3,69.05,71.4,499850,2332300
2024-11-18T09:32:00+05:30,70.9,80.1,69.8,79,307625,2332300
2024-11-18T09:33:00+05:30,78.35,87.15,78.35,82.55,675200,2453475
2024-11-18T09:34:00+05:30,84,90.4,84,88,608075,2453475
2024-11-18T09:35:00+05:30,89.2,90.5,84.5,90.2,379175,2453475
2024-11-18T09:36:00+05:30,90.4,95.9,87.3,91.4,727050,2550275
2024-11-18T09:37:00+05:30,92,95,88,89.1,513825,2550275
2024-11-18T09:38:00+05:30,88.4,98.15,86.95,97.55,475750,2550275
2024-11-18T09:39:00+05:30,97.95,101,95.2,99.35,710250,2659400
2024-11-18T09:40:00+05:30,100.2,109.9,98.8,107.35,881900,2659400
2024-11-18T09:41:00+05:30,106.9,115.1,100,101.75,827175,2659400
2024-11-18T09:42:00+05:30,101.45,115.8,99.5,109.95,753450,2676475
2024-11-18T09:43:00+05:30,110.95,117.55,109,113.5,584450,2676475
2024-11-18T09:44:00+05:30,114.9,118.2,105.7,116.3,690000,2676475
2024-11-18T09:45:00+05:30,115.6,118.85,111.1,111.1,663400,2778700
2024-11-18T09:46:00+05:30,112.05,112.05,106.7,107.15,381175,2778700
2024-11-18T09:47:00+05:30,107.35,107.85,89.4,95.1,701600,2778700
2024-11-18T09:48:00+05:30,95.2,103.15,85.5,96.4,622575,2808700
2024-11-18T09:49:00+05:30,96.8,100.6,90.9,92.55,375950,2808700
2024-11-18T09:50:00+05:30,92.5,95.65,88.8,93.25,351000,2808700
2024-11-18T09:51:00+05:30,91.1,94.15,87.6,92.5,289650,2850600
2024-11-18T09:52:00+05:30,91.8,93.45,89.65,92.95,223475,2850600
2024-11-18T09:53:00+05:30,94.1,100,93.6,99.85,381525,2850600
2024-11-18T09:54:00+05:30,99.45,103.55,92.85,96.6,483950,2917050
2024-11-18T09:55:00+05:30,97.6,97.6,91.85,93.05,253725,2917050
2024-11-18T09:56:00+05:30,95,96.6,91,94.55,177625,2917050
2024-11-18T09:57:00+05:30,94.3,96.6,92.1,95.2,151700,2974800
2024-11-18T09:58:00+05:30,95.85,96.5,92.4,95.45,232350,2974800
2024-11-18T09:59:00+05:30,95.4,97.65,92.1,95.65,250050,2974800
2024-11-18T10:00:00+05:30,96.35,98,90.55,90.55,312650,3078650
2024-11-18T10:01:00+05:30,91.1,92.9,77.5,86.65,576150,3078650
2024-11-18T10:02:00+05:30,86.8,88.1,82.7,84.5,254825,3078650
2024-11-18T10:03:00+05:30,84.5,85.1,71.45,71.45,470800,3102850
2024-11-18T10:04:00+05:30,68.9,69.7,65.55,68,698425,3102850
2024-11-18T10:05:00+05:30,67.9,68.75,64.05,67.7,376000,3102850
2024-11-18T10:06:00+05:30,67.7,73.2,67.7,71.1,363450,3227650
2024-11-18T10:07:00+05:30,70.45,74.5,70.1,70.95,255200,3227650
2024-11-18T10:08:00+05:30,71.35,74.9,70.45,72.75,179400,3227650
2024-11-18T10:09:00+05:30,72.95,73,63.4,63.95,358900,3302775
2024-11-18T10:10:00+05:30,64.25,67.8,63.3,63.75,419650,3302775
2024-11-18T10:11:00+05:30,63.3,68.2,63.3,66.2,318675,3302775
2024-11-18T10:12:00+05:30,66.55,67.4,64.65,65.1,287100,3566750
2024-11-18T10:13:00+05:30,65.2,70,63.9,70,239300,3566750
2024-11-18T10:14:00+05:30,71.1,73.25,69.9,73.25,321875,3566750
2024-11-18T10:15:00+05:30,73.75,80.35,72.35,80.35,632250,3660575
2024-11-18T10:16:00+05:30,81.05,81.05,77.65,77.65,341875,3660575
2024-11-18T10:17:00+05:30,77.05,78.05,72.5,77.9,349350,3660575
2024-11-18T10:18:00+05:30,77.4,80.8,76.8,78.3,205300,3779050
2024-11-18T10:19:00+05:30,78.4,88.1,78.4,84.75,496575,3779050
2024-11-18T10:20:00+05:30,85.25,88.85,84.7,85.9,318700,3779050
2024-11-18T10:21:00+05:30,85.5,85.5,79.65,80.8,290025,3799050
2024-11-18T10:22:00+05:30,81.95,82.65,79,79.9,201175,3799050
2024-11-18T10:23:00+05:30,78.3,79,73,76.15,300725,3799050
2024-11-18T10:24:00+05:30,74.85,74.85,69.2,73.15,343100,3831325
2024-11-18T10:25:00+05:30,72.55,77.65,72.55,76.35,136200,3831325
2024-11-18T10:26:00+05:30,76.45,78.95,76.15,78.6,185100,3831325
2024-11-18T10:27:00+05:30,78.5,84.15,78.45,81.1,252725,3887200
2024-11-18T10:28:00+05:30,81.85,89.95,81.85,86.6,480475,3887200
2024-11-18T10:29:00+05:30,86.35,91.3,86.35,89.9,417575,3887200
2024-11-18T10:30:00+05:30,91.25,91.25,85.7,86.1,390000,3865300
2024-11-18T10:31:00+05:30,85.9,94.85,84.5,84.8,544125,3865300
2024-11-18T10:32:00+05:30,85.4,94.05,84,91.6,366950,3865300
2024-11-18T10:33:00+05:30,91.75,95.3,90.4,93.9,330275,3873500
2024-11-18T10:34:00+05:30,93.7,98.05,90.6,91.55,451975,3873500
2024-11-18T10:35:00+05:30,90.7,93,88.15,91.8,367525,3873500
2024-11-18T10:36:00+05:30,91.55,96.8,90.3,96.1,295500,3933025
2024-11-18T10:37:00+05:30,96,99.35,94.5,95.9,374475,3933025
2024-11-18T10:38:00+05:30,96.1,97.1,92.5,96.35,296525,3933025
2024-11-18T10:39:00+05:30,97.3,102.4,95.7,101.6,483650,3892825
2024-11-18T10:40:00+05:30,100.8,103,96.3,99.55,451550,3892825
2024-11-18T10:41:00+05:30,100,104.95,99.7,102.75,394800,3892825
2024-11-18T10:42:00+05:30,103.1,106.1,100.55,103.85,454875,3883900
2024-11-18T10:43:00+05:30,103.35,105,102.4,104.7,243550,3883900
2024-11-18T10:44:00+05:30,104.1,109.8,101.25,106.3,600475,3883900
2024-11-18T10:45:00+05:30,106.15,106.15,97.6,102.6,401100,3897350
2024-11-18T10:46:00+05:30,102.35,106.9,102.35,105.7,339650,3897350
2024-11-18T10:47:00+05:30,106.35,111.15,106.35,108.25,562675,3897350
2024-11-18T10:48:00+05:30,107.5,120.9,107.5,117.75,1139050,3762700
2024-11-18T10:49:00+05:30,117,123.45,116.5,118.9,737725,3762700
2024-11-18T10:50:00+05:30,117.05,117.9,104.45,105.2,792500,3762700
2024-11-18T10:51:00+05:30,105.4,110.85,103.15,104.95,581750,3748325
2024-11-18T10:52:00+05:30,106.1,106.6,99.85,101.8,385000,3748325
2024-11-18T10:53:00+05:30,102.3,106,101.4,105.3,210425,3748325
2024-11-18T10:54:00+05:30,104.65,108.45,104.65,105.2,229425,3804475
2024-11-18T10:55:00+05:30,105.2,105.2,94.6,95.25,397925,3804475
2024-11-18T10:56:00+05:30,96.1,96.1,85.25,91.25,573725,3804475
2024-11-18T10:57:00+05:30,89.7,89.7,81.9,86.85,502475,3703475
2024-11-18T10:58:00+05:30,85.85,89,85.85,88.3,191775,3703475
2024-11-18T10:59:00+05:30,87.85,88.25,84,84,295775,3703475
2024-11-18T11:00:00+05:30,84.75,90.75,84.05,90.75,279425,3721725
2024-11-18T11:01:00+05:30,91.4,95.05,90.4,94.5,385600,3721725
2024-11-18T11:02:00+05:30,93.4,93.7,89.1,93.1,326275,3721725
2024-11-18T11:03:00+05:30,91.8,95.5,91.5,95.5,241375,3818525
2024-11-18T11:04:00+05:30,94.45,97.1,94.45,96.7,280850,3818525
2024-11-18T11:05:00+05:30,96.85,102.95,95.4,102.95,454550,3818525
2024-11-18T11:06:00+05:30,102.2,105.6,100.95,101.75,439775,3876975
2024-11-18T11:07:00+05:30,101.4,101.4,93.85,97.5,365925,3876975
2024-11-18T11:08:00+05:30,97.05,103.1,97.05,102.7,283275,3876975
2024-11-18T11:09:00+05:30,102.2,106.8,102.2,105.8,406775,3889625
2024-11-18T11:10:00+05:30,106,107.7,102.7,103.1,307300,3889625
2024-11-18T11:11:00+05:30,101.9,104.55,99.55,101,222550,3889625
2024-11-18T11:12:00+05:30,101,101.15,97.4,97.4,190375,3856400
2024-11-18T11:13:00+05:30,97.55,100.65,96.1,97.45,214850,3856400
2024-11-18T11:14:00+05:30,96.7,102.75,96.6,100.3,146250,3856400
2024-11-18T11:15:00+05:30,99.9,102.15,96.75,97.75,161850,3870000
2024-11-18T11:16:00+05:30,97.5,97.5,94.2,95.7,208125,3870000
2024-11-18T11:17:00+05:30,95.7,96,92.25,93,207050,3870000
2024-11-18T11:18:00+05:30,92,92,89.5,89.5,236850,3890100
2024-11-18T11:19:00+05:30,89.2,89.6,86.25,89.45,246225,3890100
2024-11-18T11:20:00+05:30,89.8,93.95,87.6,89.25,345250,3890100
2024-11-18T11:21:00+05:30,88.85,91.75,87.55,91.2,157625,3899375
2024-11-18T11:22:00+05:30,91.1,93.4,90.2,91.4,171800,3899375
2024-11-18T11:23:00+05:30,92.4,93.25,90.6,92,115775,3899375
2024-11-18T11:24:00+05:30,91.1,93.25,89.65,92.4,159925,3959575
2024-11-18T11:25:00+05:30,92.25,93.3,90.05,92.95,207275,3959575
2024-11-18T11:26:00+05:30,92.8,93.2,87.25,87.65,186550,3959575
2024-11-18T11:27:00+05:30,88,88.85,75.35,84,606375,3880525
2024-11-18T11:28:00+05:30,83.5,83.7,72.65,75.95,399150,3880525
2024-11-18T11:29:00+05:30,76.45,78.35,76.3,77.7,235175,3880525
2024-11-18T11:30:00+05:30,77.65,83.8,76.95,82.8,292225,3942450
2024-11-18T11:31:00+05:30,83.05,87.5,83.05,86.25,282650,3942450
2024-11-18T11:32:00+05:30,85.85,89.2,84.6,88,186450,3942450
2024-11-18T11:33:00+05:30,88.1,89.15,83.7,83.9,183225,3933325
2024-11-18T11:34:00+05:30,83.75,88.65,82.5,88.1,174225,3933325
2024-11-18T11:35:00+05:30,88.15,90.05,87.7,88.95,184800,3933325
2024-11-18T11:36:00+05:30,90,90,86.7,88.6,176350,3924225
2024-11-18T11:37:00+05:30,87.45,88.95,85,85.5,128825,3924225
2024-11-18T11:38:00+05:30,85.1,89.3,83.15,87.5,146600,3924225
2024-11-18T11:39:00+05:30,87.4,87.75,84.45,84.8,96375,3916125
2024-11-18T11:40:00+05:30,84.85,85.2,82.35,83.7,147600,3916125
2024-11-18T11:41:00+05:30,83.75,84.85,82.4,83.9,104725,3916125
2024-11-18T11:42:00+05:30,83,84.5,82.5,82.8,72575,3945425
2024-11-18T11:43:00+05:30,82.15,82.15,75.4,77,302025,3945425
2024-11-18T11:44:00+05:30,76.45,77.75,75.55,76,175275,3945425
2024-11-18T11:45:00+05:30,75.55,75.65,69.3,72.6,345675,3942750
2024-11-18T11:46:00+05:30,73,73,68.15,72.3,276075,3942750
2024-11-18T11:47:00+05:30,73.2,75.4,73.2,74.65,214450,3942750
2024-11-18T11:48:00+05:30,75,76.55,73.65,76.55,150575,3947350
2024-11-18T11:49:00+05:30,76.75,81.3,76.3,78.1,276775,3947350
2024-11-18T11:50:00+05:30,78.8,80.2,76.75,79.4,181850,3947350
2024-11-18T11:51:00+05:30,79.45,79.9,77.65,78.5,127875,4000125
2024-11-18T11:52:00+05:30,79.15,81.1,77.8,77.8,143000,4000125
2024-11-18T11:53:00+05:30,77.85,78.3,74.1,74.15,164975,4000125
2024-11-18T11:54:00+05:30,73.9,73.9,72.3,72.3,170050,4021350
2024-11-18T11:55:00+05:30,71.8,73.25,71.55,72,157250,4021350
2024-11-18T11:56:00+05:30,72.7,76.95,72.7,76.95,194550,4021350
2024-11-18T11:57:00+05:30,77.1,78.6,72.4,73.25,143100,4055950
2024-11-18T11:58:00+05:30,73.35,73.35,66.45,68.2,267150,4055950
2024-11-18T11:59:00+05:30,68.15,69.15,66.85,67.25,215475,4055950
2024-11-18T12:00:00+05:30,67.85,68.6,63.95,66.6,349225,4052275
2024-11-18T12:01:00+05:30,66.7,68.5,65.95,67.95,171375,4052275
2024-11-18T12:02:00+05:30,68.25,70.85,67.95,70.2,186225,4052275
2024-11-18T12:03:00+05:30,70.75,71.25,62.55,63.05,278600,4055900
2024-11-18T12:04:00+05:30,63.15,64.9,61.15,64.25,348900,4055900
2024-11-18T12:05:00+05:30,64.45,66.75,62.6,66.45,190750,4055900
2024-11-18T12:06:00+05:30,66.05,66.95,63.65,65.9,103975,4076050
2024-11-18T12:07:00+05:30,65.7,66.05,62.55,64.65,101650,4076050
2024-11-18T12:08:00+05:30,64.45,64.45,59.35,60.55,293200,4076050
2024-11-18T12:09:00+05:30,60.5,62.3,59.7,61.55,282125,4116325
2024-11-18T12:10:00+05:30,61.25,64.7,61.15,63.85,189625,4116325
2024-11-18T12:11:00+05:30,62.45,62.6,58.1,61.5,345750,4116325
2024-11-18T12:12:00+05:30,61.55,63.4,60.55,61.85,125250,4197325
2024-11-18T12:13:00+05:30,61.35,61.85,58.9,60.1,139775,4197325
2024-11-18T12:14:00+05:30,59.7,62.1,58.15,60.7,163800,4197325
2024-11-18T12:15:00+05:30,59.65,61.85,58.85,61.45,117425,4266375
2024-11-18T12:16:00+05:30,61.7,64.95,60.2,60.35,207400,4266375
2024-11-18T12:17:00+05:30,60.15,60.2,56.45,58.25,244650,4266375
2024-11-18T12:18:00+05:30,58.3,60.5,57.35,60.15,191875,4299500
2024-11-18T12:19:00+05:30,60,60.65,58.95,60.1,110550,4299500
2024-11-18T12:20:00+05:30,60.4,63.3,59.6,63.05,201250,4299500
2024-11-18T12:21:00+05:30,62.6,66,62.6,63.35,267000,4364950
2024-11-18T12:22:00+05:30,64.35,65.25,59.1,61.55,216625,4364950
2024-11-18T12:23:00+05:30,61.2,63.15,60.4,60.9,140475,4364950
2024-11-18T12:24:00+05:30,61.4,61.4,60,61.2,113450,4426175
2024-11-18T12:25:00+05:30,60.6,61.5,54.9,55.35,408900,4426175
2024-11-18T12:26:00+05:30,57.15,57.15,51.6,51.6,403075,4426175
2024-11-18T12:27:00+05:30,50.8,50.8,47.35,49.35,746350,4544750
2024-11-18T12:28:00+05:30,49.4,49.55,44.55,47.3,642900,4544750
2024-11-18T12:29:00+05:30,47.55,48.2,42.8,43,458150,4544750
2024-11-18T12:30:00+05:30,43.4,44.25,38.8,40.2,603650,4793450
2024-11-18T12:31:00+05:30,39.9,43.95,37.95,43.95,802325,4793450
2024-11-18T12:32:00+05:30,43.15,47.5,42.6,46.15,576275,4793450
2024-11-18T12:33:00+05:30,46.65,48.5,45.65,48.2,438625,4874350
2024-11-18T12:34:00+05:30,47.6,48.05,43.75,44.4,330925,4874350
2024-11-18T12:35:00+05:30,44.35,46.2,43.35,46.2,218625,4874350
2024-11-18T12:36:00+05:30,46.1,47.6,44.65,45.5,151975,4899500
2024-11-18T12:37:00+05:30,45.1,48.5,44.85,47,206225,4899500
2024-11-18T12:38:00+05:30,47.4,50.4,47.4,50.3,266525,4899500
2024-11-18T12:39:00+05:30,50.3,51.9,48.5,50.05,272150,4886450
2024-11-18T12:40:00+05:30,50.1,51.9,49.65,50.95,234100,4886450
2024-11-18T12:41:00+05:30,51.05,51.5,47.95,48.65,215825,4886450
2024-11-18T12:42:00+05:30,48.45,49.45,46.05,46.05,175275,4839125
2024-11-18T12:43:00+05:30,46.55,48.8,44.9,44.9,184425,4839125
2024-11-18T12:44:00+05:30,45.4,47.75,44.35,47.35,156750,4839125
2024-11-18T12:45:00+05:30,47.55,49.7,47.3,47.7,138975,4849900
2024-11-18T12:46:00+05:30,48.45,48.45,44.75,45.95,178000,4849900
2024-11-18T12:47:00+05:30,45.7,45.9,42.65,43.5,199850,4849900
2024-11-18T12:48:00+05:30,43.6,44.25,42.75,43.95,140150,4855675
2024-11-18T12:49:00+05:30,43.65,44.25,37.05,38.75,306725,4855675
2024-11-18T12:50:00+05:30,38.25,43.3,38.15,43,303000,4855675
2024-11-18T12:51:00+05:30,43.2,46.5,43.05,46.5,272500,4950300
2024-11-18T12:52:00+05:30,46.2,49.5,46.2,49.15,473200,4950300
2024-11-18T12:53:00+05:30,49,50.6,48.5,48.5,326525,4950300
2024-11-18T12:54:00+05:30,48.45,50.95,47.65,50.5,267350,4904500
2024-11-18T12:55:00+05:30,50.6,57.4,50.6,53.1,629025,4904500
2024-11-18T12:56:00+05:30,53,55.45,50.8,53.45,238325,4904500
2024-11-18T12:57:00+05:30,53.45,56.2,53,54.95,205050,4856450
2024-11-18T12:58:00+05:30,54.75,56.05,52.85,53.2,206025,4856450
2024-11-18T12:59:00+05:30,54,59.8,53.9,58.4,469200,4856450
2024-11-18T13:00:00+05:30,56.95,59.05,53.65,54.1,385000,4844100
2024-11-18T13:01:00+05:30,54.1,56.3,53.5,54.25,215550,4844100
2024-11-18T13:02:00+05:30,54.65,55.2,49.25,50.7,315600,4844100
2024-11-18T13:03:00+05:30,50.1,52.45,48.95,49.7,245750,4842775
2024-11-18T13:04:00+05:30,49.4,54.2,49.4,53.5,184400,4842775
2024-11-18T13:05:00+05:30,53.45,54.45,51.5,51.9,122250,4842775
2024-11-18T13:06:00+05:30,51.9,54.3,51.9,53.35,111425,4842775
2024-11-18T13:07:00+05:30,53.2,54.55,51.05,51.55,151125,4867650
2024-11-18T13:08:00+05:30,51.1,51.1,46.85,49.75,252775,4867650
2024-11-18T13:09:00+05:30,49.6,49.6,47.6,48.1,120325,4867650
2024-11-18T13:10:00+05:30,47.9,51.5,47.9,51.45,140550,4872050
2024-11-18T13:11:00+05:30,51.5,53.6,51.5,53,169750,4872050
2024-11-18T13:12:00+05:30,53.05,56.35,53.05,55.6,275850,4872050
2024-11-18T13:13:00+05:30,56,56.7,55.15,55.4,271050,4879500
2024-11-18T13:14:00+05:30,54.15,54.9,52.4,52.4,148875,4879500
2024-11-18T13:15:00+05:30,52.35,55,52.35,53.9,134075,4879500
2024-11-18T13:16:00+05:30,53.95,59.75,53.95,56.95,315000,4882900
2024-11-18T13:17:00+05:30,57.4,58.55,56.35,57.2,163950,4882900
2024-11-18T13:18:00+05:30,57.1,63.4,57.1,61.95,445375,4882900
2024-11-18T13:19:00+05:30,61.55,65.85,61.55,64.9,576125,4878450
2024-11-18T13:20:00+05:30,64.9,64.9,59.35,59.35,472650,4878450
2024-11-18T13:21:00+05:30,59.55,62.25,59.45,61.3,244825,4878450
2024-11-18T13:22:00+05:30,61.05,61.25,56.55,56.8,291350,4830225
2024-11-18T13:23:00+05:30,57,62.95,57,59.5,249725,4830225
2024-11-18T13:24:00+05:30,58.9,61,57.85,60.5,169850,4830225
2024-11-18T13:25:00+05:30,60.25,64.45,60.25,64.1,327925,4861175
2024-11-18T13:26:00+05:30,63.5,64.8,62.75,63.3,258675,4861175
2024-11-18T13:27:00+05:30,63.65,66.1,60.2,61.3,304650,4861175
2024-11-18T13:28:00+05:30,62.5,65.2,60.45,60.65,229225,4840050
2024-11-18T13:29:00+05:30,60.15,62.45,60.15,61.85,129725,4840050
2024-11-18T13:30:00+05:30,62,63.9,58.75,58.75,257350,4840050
2024-11-18T13:31:00+05:30,59.1,62,57.85,62,260650,4800750
2024-11-18T13:32:00+05:30,63.1,67.45,60.2,60.4,421000,4800750
2024-11-18T13:33:00+05:30,60.2,64.6,59.95,63.25,222400,4800750
2024-11-18T13:34:00+05:30,62.6,62.65,59.2,59.5,238575,4748500
2024-11-18T13:35:00+05:30,60,60.2,57.85,58.45,210650,4748500
2024-11-18T13:36:00+05:30,58.35,60.5,58.2,60.4,168225,4748500
2024-11-18T13:37:00+05:30,61.1,62.85,60,61.1,394475,4740325
2024-11-18T13:38:00+05:30,60.9,60.9,49.65,49.65,853675,4740325
2024-11-18T13:39:00+05:30,49.75,53.6,49.45,52.45,314875,4740325
2024-11-18T13:40:00+05:30,52.25,60.1,52.25,59.8,520450,4442525
2024-11-18T13:41:00+05:30,59.4,61.45,58.2,60.95,339425,4442525
2024-11-18T13:42:00+05:30,59.3,64.45,59.3,63.15,396525,4442525
2024-11-18T13:43:00+05:30,63.2,63.5,61.35,61.7,209700,4221450
2024-11-18T13:44:00+05:30,61.45,63.7,61.4,62.75,161775,4221450
2024-11-18T13:45:00+05:30,63.1,63.55,59.8,59.8,197425,4221450
2024-11-18T13:46:00+05:30,60.75,62.55,59.5,61.85,142825,4223650
2024-11-18T13:47:00+05:30,62.1,62.5,57.95,58.8,214600,4223650
2024-11-18T13:48:00+05:30,59.2,60.55,59,59.6,86175,4223650
2024-11-18T13:49:00+05:30,59.8,61.15,57.45,57.6,164950,4237050
2024-11-18T13:50:00+05:30,57,57.65,53.6,54.7,211150,4237050
2024-11-18T13:51:00+05:30,55,56.75,53.65,53.65,121375,4237050
2024-11-18T13:52:00+05:30,53.75,54,50.9,52,221625,4222975
2024-11-18T13:53:00+05:30,53.1,53.4,50.85,50.85,149250,4222975
2024-11-18T13:54:00+05:30,50.9,51.75,48.65,49.95,251750,4222975
2024-11-18T13:55:00+05:30,50.25,53.3,50.25,52.7,178525,4234100
2024-11-18T13:56:00+05:30,53.35,54.4,52.55,53,148425,4234100
2024-11-18T13:57:00+05:30,52.6,53.3,51.75,52.8,104525,4234100
2024-11-18T13:58:00+05:30,53,53,50.5,52.2,119750,4229000
2024-11-18T13:59:00+05:30,52.05,52.35,51.3,52,62500,4229000
2024-11-18T14:00:00+05:30,50.9,51.8,48.65,51.45,178225,4229000
2024-11-18T14:01:00+05:30,51.1,54.65,51.1,54.05,209100,4194550
2024-11-18T14:02:00+05:30,53.8,55.3,53.8,54.95,175475,4194550
2024-11-18T14:03:00+05:30,54.45,54.95,51.85,52.9,135225,4194550
2024-11-18T14:04:00+05:30,52.9,55.2,51.55,54.75,99350,4208825
2024-11-18T14:05:00+05:30,55,55.95,54.4,55.8,175275,4208825
2024-11-18T14:06:00+05:30,55.65,56.35,53.8,53.8,141200,4208825
2024-11-18T14:07:00+05:30,52.9,56.45,51.6,55.65,215225,4216475
2024-11-18T14:08:00+05:30,55.7,55.7,52.65,52.9,113850,4216475
2024-11-18T14:09:00+05:30,53.05,53.05,50.3,51,143850,4216475
2024-11-18T14:10:00+05:30,51.4,52.75,51.15,52.4,88225,4203325
2024-11-18T14:11:00+05:30,52.75,55.15,52.75,54.4,98050,4203325
2024-11-18T14:12:00+05:30,54.85,54.95,51.85,53.2,125500,4203325
2024-11-18T14:13:00+05:30,53.15,54.7,51.8,54.45,127900,4203450
2024-11-18T14:14:00+05:30,55.45,55.55,52.75,55.55,115800,4203450
2024-11-18T14:15:00+05:30,54.85,57.4,54.5,56.25,167650,4203450
2024-11-18T14:16:00+05:30,56.2,57.3,55.3,56,185525,4183200
2024-11-18T14:17:00+05:30,55.65,57.15,55.6,56.05,92525,4183200
2024-11-18T14:18:00+05:30,55.8,57.75,54.55,56.8,136700,4183200
2024-11-18T14:19:00+05:30,56.45,57.8,55.25,55.75,138175,4222325
2024-11-18T14:20:00+05:30,56.25,58.2,55.95,57.9,118075,4222325
2024-11-18T14:21:00+05:30,57.85,58.55,56.15,57.4,135100,4222325
2024-11-18T14:22:00+05:30,57.65,59.5,57.65,58.4,149200,4215775
2024-11-18T14:23:00+05:30,57.4,57.55,55.5,56.35,128075,4215775
2024-11-18T14:24:00+05:30,56.6,63,56.45,60.75,360425,4215775
2024-11-18T14:25:00+05:30,61.05,61.55,56.9,57.15,239375,4166950
2024-11-18T14:26:00+05:30,57.7,58.9,57.55,58.55,109075,4166950
2024-11-18T14:27:00+05:30,58.7,62.9,58.55,62.3,161350,4166950
2024-11-18T14:28:00+05:30,61.5,69.25,61.5,67.5,561725,4176225
2024-11-18T14:29:00+05:30,67.5,71.5,67.5,69,611825,4176225
2024-11-18T14:30:00+05:30,69,71.8,67.75,67.75,451050,4176225
2024-11-18T14:31:00+05:30,68.35,74.95,66.9,74.35,734525,4042225
2024-11-18T14:32:00+05:30,74.75,77.8,73.1,76.5,608250,4042225
2024-11-18T14:33:00+05:30,77.05,80.9,72.75,80.9,706500,4042225
2024-11-18T14:34:00+05:30,81.95,81.95,77.1,77.1,492400,3892900
2024-11-18T14:35:00+05:30,77.35,79.55,76.3,77.8,309750,3892900
2024-11-18T14:36:00+05:30,77.4,80,76.4,78.1,438675,3892900
2024-11-18T14:37:00+05:30,77.35,78.65,74.6,75.35,296600,3898000
2024-11-18T14:38:00+05:30,76.1,78.6,71.8,75.25,399075,3898000
2024-11-18T14:39:00+05:30,75.1,75.25,71.15,72.55,205100,3898000
2024-11-18T14:40:00+05:30,72.5,74.65,71.9,74.15,168025,3901975
2024-11-18T14:41:00+05:30,74.3,75.25,70.55,71.25,232275,3901975
2024-11-18T14:42:00+05:30,72.1,72.1,69.25,70.15,260600,3901975
2024-11-18T14:43:00+05:30,69.8,70.8,67.65,67.65,173350,3895825
2024-11-18T14:44:00+05:30,67.75,68.3,65.45,65.45,238750,3895825
2024-11-18T14:45:00+05:30,65.7,70.1,63.7,65.8,346300,3895825
2024-11-18T14:46:00+05:30,65.75,66.7,63.35,63.35,170250,3928775
2024-11-18T14:47:00+05:30,63.95,64.25,54.2,61.65,606750,3928775
2024-11-18T14:48:00+05:30,61.25,61.25,57.9,59.25,243575,3928775
2024-11-18T14:49:00+05:30,58.75,59.85,55.95,57.9,206100,3962325
2024-11-18T14:50:00+05:30,59.3,63.15,58.35,62.7,240200,3962325
2024-11-18T14:51:00+05:30,62.25,63.95,61.85,62.95,220450,3962325
2024-11-18T14:52:00+05:30,62.75,64.7,60.1,64.1,213125,4004100
2024-11-18T14:53:00+05:30,64,64.05,59.35,59.85,144850,4004100
2024-11-18T14:54:00+05:30,58.55,59,53,54.8,403100,4004100
2024-11-18T14:55:00+05:30,54.6,56.45,54.5,55.15,234275,3980800
2024-11-18T14:56:00+05:30,55.4,58.9,55.35,58.9,176700,3980800
2024-11-18T14:57:00+05:30,59.3,59.5,56.6,56.6,171625,3980800
2024-11-18T14:58:00+05:30,57.45,57.7,55.7,57.6,117000,3972525
2024-11-18T14:59:00+05:30,58.2,61,58,61,207325,3972525
2024-11-18T15:00:00+05:30,62.05,64,59.4,61.2,318850,3972525
2024-11-18T15:01:00+05:30,60.85,62.2,57.25,59.95,281400,3997825
2024-11-18T15:02:00+05:30,59.7,61.45,57.45,60.35,167175,3997825
2024-11-18T15:03:00+05:30,60.5,60.5,58.4,58.95,91575,3997825
2024-11-18T15:04:00+05:30,59.85,61.05,58.5,60.85,107575,3978700
2024-11-18T15:05:00+05:30,61,61.95,59.7,61.25,117525,3978700
2024-11-18T15:06:00+05:30,61.1,61.75,59.35,60.9,164900,3978700
2024-11-18T15:07:00+05:30,60.7,61.6,59.2,60.85,181300,3966575
2024-11-18T15:08:00+05:30,61.15,62.65,60.15,60.75,239800,3966575
2024-11-18T15:09:00+05:30,60.65,62.9,60.45,62.1,239400,3966575
2024-11-18T15:10:00+05:30,62.6,63.15,60.55,61,206075,3915725
2024-11-18T15:11:00+05:30,60.8,62.1,59.2,61.55,215625,3915725
2024-11-18T15:12:00+05:30,61.95,62.15,59.2,59.2,194200,3915725
2024-11-18T15:13:00+05:30,59.2,59.65,54.65,56.35,386275,3900125
2024-11-18T15:14:00+05:30,56.7,58.75,56.2,57.75,188250,3900125
2024-11-18T15:15:00+05:30,58.3,58.8,54.45,55.95,300550,3900125
2024-11-18T15:16:00+05:30,55.7,57.1,55.7,56,147050,3760800
2024-11-18T15:17:00+05:30,56.1,56.2,50.4,51.4,367375,3760800
2024-11-18T15:18:00+05:30,51.45,54.95,51.35,54.25,197100,3760800
2024-11-18T15:19:00+05:30,54.65,56.1,54.5,54.95,200525,3736225
2024-11-18T15:20:00+05:30,55.3,57.65,55.1,57.35,227275,3736225
2024-11-18T15:21:00+05:30,57.3,57.3,55.3,56.3,131200,3736225
2024-11-18T15:22:00+05:30,57,58.55,55.95,58.55,241925,3620975
2024-11-18T15:23:00+05:30,58.65,59.4,58.15,58.55,146675,3620975
2024-11-18T15:24:00+05:30,58.3,60,58.3,60,131475,3620975
2024-11-18T15:25:00+05:30,60.2,61.05,58.7,59.9,213200,3526325
2024-11-18T15:26:00+05:30,60.1,60.65,57.85,58.7,140400,3526325
2024-11-18T15:27:00+05:30,59,59.25,58.55,59,137525,3526325
2024-11-18T15:28:00+05:30,58.8,58.85,57.05,57.05,243600,3502575
2024-11-18T15:29:00+05:30,57.15,57.75,55.15,55.75,322175,3502575
2024-11-19T09:15:00+05:30,38,43.05,30,31.5,784700,3422200
2024-11-19T09:16:00+05:30,30.9,30.9,27.2,27.7,584875,3422200
2024-11-19T09:17:00+05:30,26.95,27,24.2,24.6,702550,3422200
2024-11-19T09:18:00+05:30,24.35,24.75,23.6,24.6,445225,3722575
2024-11-19T09:19:00+05:30,24.7,26.45,24.7,25.4,451550,3722575
2024-11-19T09:20:00+05:30,25.55,27.45,24.05,24.15,434300,3722575
2024-11-19T09:21:00+05:30,23.7,26,23.35,25.6,325900,3941050
2024-11-19T09:22:00+05:30,25.7,26.3,24.35,25.25,294700,3941050
2024-11-19T09:23:00+05:30,25.6,26.2,22.85,23.1,460600,3941050
2024-11-19T09:24:00+05:30,22.9,22.9,21.05,21.15,555500,4043775
2024-11-19T09:25:00+05:30,20.55,21.65,20.1,21.65,693525,4043775
2024-11-19T09:26:00+05:30,21.5,22.65,21.25,21.65,543500,4043775
2024-11-19T09:27:00+05:30,21.75,22.05,19.6,20.05,491275,3941275
2024-11-19T09:28:00+05:30,20.15,20.3,18.55,18.9,578700,3941275
2024-11-19T09:29:00+05:30,18.95,19,17.85,17.9,898125,3941275
2024-11-19T09:30:00+05:30,17.75,19.25,17.4,19.15,666175,4011175
2024-11-19T09:31:00+05:30,19,19.7,18.9,19.15,352675,4011175
2024-11-19T09:32:00+05:30,19.3,19.5,17.55,17.55,568975,4011175
2024-11-19T09:33:00+05:30,17.65,19.05,15.35,15.55,491300,4008575
2024-11-19T09:34:00+05:30,15.85,17.05,15.85,16.8,458650,4008575
2024-11-19T09:35:00+05:30,16.9,17,16.15,16.15,261350,4008575
2024-11-19T09:36:00+05:30,16.15,16.9,16,16.2,349725,4022900
2024-11-19T09:37:00+05:30,16.4,16.4,14.6,14.7,374625,4022900
2024-11-19T09:38:00+05:30,14.95,15.6,14.65,15,521725,4022900
2024-11-19T09:39:00+05:30,14.95,15.2,14.35,14.7,231300,4071700
2024-11-19T09:40:00+05:30,14.7,14.95,14.45,14.75,176325,4071700
2024-11-19T09:41:00+05:30,14.9,15.5,14.75,15.15,279250,4071700
2024-11-19T09:42:00+05:30,15.3,15.45,14.85,15.2,193175,4165400
2024-11-19T09:43:00+05:30,15.05,15.05,13.6,13.95,344025,4165400
2024-11-19T09:44:00+05:30,14,14,12.15,12.15,436400,4165400
2024-11-19T09:45:00+05:30,12.35,12.85,11.95,12,643725,4185300
2024-11-19T09:46:00+05:30,12,12.75,11.65,12.75,302100,4185300
2024-11-19T09:47:00+05:30,12.9,13.2,12.75,12.95,204800,4185300
2024-11-19T09:48:00+05:30,13.1,13.9,13.05,13.55,293800,4223475
2024-11-19T09:49:00+05:30,13.65,14.45,13.6,14.3,457600,4223475
2024-11-19T09:50:00+05:30,14.05,15.1,13.2,14.75,360450,4223475
2024-11-19T09:51:00+05:30,15.1,16.35,14.65,15.05,559975,4253950
2024-11-19T09:52:00+05:30,15,16,14.75,14.8,405150,4253950
2024-11-19T09:53:00+05:30,14.25,14.4,13.35,13.5,273100,4253950
2024-11-19T09:54:00+05:30,13.6,13.6,11.3,11.4,418975,4289525
2024-11-19T09:55:00+05:30,11.45,13.35,10.55,13.2,385450,4289525
2024-11-19T09:56:00+05:30,13.15,14.05,12.8,13,407600,4289525
2024-11-19T09:57:00+05:30,12.65,13.45,12.35,13.05,327100,4282825
2024-11-19T09:58:00+05:30,13.05,13.25,12.65,12.75,170800,4282825
2024-11-19T09:59:00+05:30,12.65,13.35,12.45,12.75,155050,4282825
2024-11-19T10:00:00+05:30,12.55,12.55,11.1,12.1,450050,4319350
2024-11-19T10:01:00+05:30,12,12.2,11.5,11.65,223650,4319350
2024-11-19T10:02:00+05:30,11.75,12.1,11.55,11.95,174550,4319350
2024-11-19T10:03:00+05:30,12.1,12.15,11.35,12.1,262775,4352325
2024-11-19T10:04:00+05:30,12.05,12.5,11.8,12.05,169125,4352325
2024-11-19T10:05:00+05:30,11.95,12.55,11.7,11.9,207150,4352325
2024-11-19T10:06:00+05:30,11.85,12.45,11.8,11.8,230225,4374150
2024-11-19T10:07:00+05:30,11.8,12.15,11.75,11.95,162475,4374150
2024-11-19T10:08:00+05:30,11.85,12.05,11.35,11.9,170300,4374150
2024-11-19T10:09:00+05:30,11.75,12.05,11.55,11.85,167125,4413825
2024-11-19T10:10:00+05:30,11.9,11.9,11.45,11.45,174225,4413825
2024-11-19T10:11:00+05:30,11.05,11.8,11.05,11.35,403650,4413825
2024-11-19T10:12:00+05:30,11.5,11.55,11.1,11.15,133450,4446025
2024-11-19T10:13:00+05:30,11.25,11.95,11.1,11.95,213400,4446025
2024-11-19T10:14:00+05:30,12,12.05,11.7,11.9,122325,4446025
2024-11-19T10:15:00+05:30,11.9,12.5,11.6,12.45,139650,4474450
2024-11-19T10:16:00+05:30,12.5,12.55,11.85,11.85,156800,4474450
2024-11-19T10:17:00+05:30,11.85,12,11.55,11.6,134975,4474450
2024-11-19T10:18:00+05:30,11.5,11.65,11.2,11.45,114950,4529850
2024-11-19T10:19:00+05:30,11.5,12.2,11.5,11.8,151775,4529850
2024-11-19T10:20:00+05:30,11.75,12,11.2,11.45,122500,4529850
2024-11-19T10:21:00+05:30,11.55,11.7,11.3,11.7,107750,4487975
2024-11-19T10:22:00+05:30,11.65,11.8,11.05,11.1,76175,4487975
2024-11-19T10:23:00+05:30,11.15,11.3,10.8,10.8,156850,4487975
2024-11-19T10:24:00+05:30,10.9,11.05,10.45,10.6,308300,4512150
2024-11-19T10:25:00+05:30,10.5,10.5,9.3,10.1,702100,4512150
2024-11-19T10:26:00+05:30,10.25,10.4,10,10.1,336625,4512150
2024-11-19T10:27:00+05:30,10.2,10.35,10.1,10.25,388800,4549425
2024-11-19T10:28:00+05:30,10.3,10.4,9.95,10.05,331125,4549425
2024-11-19T10:29:00+05:30,10,10.05,9.8,9.85,510300,4549425
2024-11-19T10:30:00+05:30,9.85,9.95,9.65,9.9,336000,4568500
2024-11-19T10:31:00+05:30,9.95,10.45,9.95,10.05,218625,4568500
2024-11-19T10:32:00+05:30,10.1,10.25,9.9,10,131975,4568500
2024-11-19T10:33:00+05:30,10.05,10.15,9.95,10.05,143825,4684700
2024-11-19T10:34:00+05:30,10.05,10.25,9.9,10.25,156725,4684700
2024-11-19T10:35:00+05:30,10.25,10.25,9.75,9.8,141175,4684700
2024-11-19T10:36:00+05:30,9.75,10,9.45,9.7,241075,4731825
2024-11-19T10:37:00+05:30,9.65,10,9.55,9.9,125625,4731825
2024-11-19T10:38:00+05:30,9.9,10,9.7,9.75,136575,4731825
2024-11-19T10:39:00+05:30,9.7,9.95,9.65,9.8,108450,4726325
2024-11-19T10:40:00+05:30,9.75,9.8,9.35,9.45,127675,4726325
2024-11-19T10:41:00+05:30,9.35,9.75,9.3,9.75,109375,4726325
2024-11-19T10:42:00+05:30,9.7,10.05,9.7,10.05,94975,4733825
2024-11-19T10:43:00+05:30,10.05,10.15,9.9,10.15,95325,4733825
2024-11-19T10:44:00+05:30,10.15,10.7,10.15,10.3,219875,4733825
2024-11-19T10:45:00+05:30,10.4,10.6,10.1,10.35,165900,4732125
2024-11-19T10:46:00+05:30,10.4,11.15,10.4,10.85,368200,4732125
2024-11-19T10:47:00+05:30,10.9,11.05,10.55,10.95,424025,4732125
2024-11-19T10:48:00+05:30,10.95,11.5,10.85,11.25,145150,4856425
2024-11-19T10:49:00+05:30,11.35,12.3,11.35,12,290950,4856425
2024-11-19T10:50:00+05:30,12.1,12.1,11.3,11.8,394400,4856425
2024-11-19T10:51:00+05:30,11.95,12.1,11.1,11.3,231875,4967500
2024-11-19T10:52:00+05:30,11.4,11.75,11.35,11.65,104375,4967500
2024-11-19T10:53:00+05:30,11.55,12.1,11.5,11.75,551850,4967500
2024-11-19T10:54:00+05:30,11.75,11.9,11.1,11.2,228875,5192375
2024-11-19T10:55:00+05:30,10.95,10.95,9.65,9.9,413950,5192375
2024-11-19T10:56:00+05:30,9.95,10.9,9.95,10.7,120450,5192375
2024-11-19T10:57:00+05:30,10.75,11.4,10.75,10.85,72350,5113850
2024-11-19T10:58:00+05:30,10.85,10.85,10,10.35,93650,5113850
2024-11-19T10:59:00+05:30,10.4,10.45,9.95,10.15,86400,5113850
2024-11-19T11:00:00+05:30,10.15,10.15,8.85,8.95,344875,5071700
2024-11-19T11:01:00+05:30,9.25,9.65,9.15,9.45,248225,5071700
2024-11-19T11:02:00+05:30,9.6,9.85,9.35,9.8,94325,5071700
2024-11-19T11:03:00+05:30,9.95,10.1,9.6,9.7,73325,5121125
2024-11-19T11:04:00+05:30,9.65,9.65,9.1,9.15,106750,5121125
2024-11-19T11:05:00+05:30,9.2,9.4,9.05,9.25,96650,5121125
2024-11-19T11:06:00+05:30,9.25,9.3,8.8,8.85,167100,5184475
2024-11-19T11:07:00+05:30,8.9,9.1,8.75,8.8,199125,5184475
2024-11-19T11:08:00+05:30,8.75,8.9,8.55,8.65,327250,5184475
2024-11-19T11:09:00+05:30,8.7,8.75,8.4,8.65,154925,5075475
2024-11-19T11:10:00+05:30,8.65,9.05,8.6,8.7,77550,5075475
2024-11-19T11:11:00+05:30,8.6,8.95,8.6,8.9,94525,5075475
2024-11-19T11:12:00+05:30,8.95,9.05,8.85,8.9,96425,5117025
2024-11-19T11:13:00+05:30,8.8,8.95,8.55,8.6,103925,5117025
2024-11-19T11:14:00+05:30,8.6,8.65,8.45,8.6,62725,5117025
2024-11-19T11:15:00+05:30,8.5,8.7,8.5,8.6,75475,5159125
2024-11-19T11:16:00+05:30,8.6,8.8,8.55,8.7,66625,5159125
2024-11-19T11:17:00+05:30,8.75,8.8,8.55,8.55,48375,5159125
2024-11-19T11:18:00+05:30,8.55,8.55,8.05,8.4,173675,5160425
2024-11-19T11:19:00+05:30,8.35,8.55,8.25,8.3,71600,5160425
2024-11-19T11:20:00+05:30,8.25,8.7,8.2,8.25,150650,5160425
2024-11-19T11:21:00+05:30,8.3,8.4,8.1,8.2,184625,5282925
2024-11-19T11:22:00+05:30,8.25,8.3,7.85,8,531625,5282925
2024-11-19T11:23:00+05:30,8.05,8.1,7.8,7.85,124325,5282925
2024-11-19T11:24:00+05:30,7.85,7.85,7.5,7.65,219400,5128550
2024-11-19T11:25:00+05:30,7.65,7.65,7.15,7.6,460175,5128550
2024-11-19T11:26:00+05:30,7.55,7.75,7.4,7.4,426025,5128550
2024-11-19T11:27:00+05:30,7.45,8.15,7.45,8.05,229875,5255750
2024-11-19T11:28:00+05:30,8.1,8.2,7.65,7.65,129500,5255750
2024-11-19T11:29:00+05:30,7.7,7.9,7.65,7.65,96475,5255750
2024-11-19T11:30:00+05:30,7.7,7.8,7.45,7.45,156300,5293850
2024-11-19T11:31:00+05:30,7.45,7.6,7.3,7.55,214825,5293850
2024-11-19T11:32:00+05:30,7.5,7.75,7.4,7.6,180100,5293850
2024-11-19T11:33:00+05:30,7.6,7.85,7.45,7.6,96650,5288800
2024-11-19T11:34:00+05:30,7.65,7.75,7.4,7.65,278975,5288800
2024-11-19T11:35:00+05:30,7.7,8.05,7.6,8,103125,5288800
2024-11-19T11:36:00+05:30,8,8,7.55,7.65,112650,5310350
2024-11-19T11:37:00+05:30,7.6,7.7,7.5,7.7,133300,5310350
2024-11-19T11:38:00+05:30,7.75,7.85,7.6,7.8,102100,5310350
2024-11-19T11:39:00+05:30,7.75,7.8,7.6,7.6,133700,5301725
2024-11-19T11:40:00+05:30,7.7,7.7,7.4,7.4,220325,5301725
2024-11-19T11:41:00+05:30,7.4,7.7,7.4,7.65,92600,5301725
2024-11-19T11:42:00+05:30,7.7,7.75,7.5,7.6,60050,5314450
2024-11-19T11:43:00+05:30,7.6,7.65,7.45,7.55,56750,5314450
2024-11-19T11:44:00+05:30,7.5,7.6,7.5,7.55,45900,5314450
2024-11-19T11:45:00+05:30,7.65,7.65,7.5,7.6,106100,5330500
2024-11-19T11:46:00+05:30,7.6,7.65,7.45,7.65,67725,5330500
2024-11-19T11:47:00+05:30,7.6,7.75,7.6,7.6,61925,5330500
2024-11-19T11:48:00+05:30,7.6,7.65,7.35,7.4,95325,5345400
2024-11-19T11:49:00+05:30,7.4,7.6,7.4,7.55,54075,5345400
2024-11-19T11:50:00+05:30,7.55,7.8,7.55,7.75,57825,5345400
2024-11-19T11:51:00+05:30,7.85,7.85,7.55,7.55,53725,5361000
2024-11-19T11:52:00+05:30,7.6,7.85,7.6,7.7,58175,5361000
2024-11-19T11:53:00+05:30,7.75,7.85,7.65,7.65,70375,5361000
2024-11-19T11:54:00+05:30,7.75,7.8,7.6,7.75,41675,5361000
2024-11-19T11:55:00+05:30,7.75,7.95,7.75,7.85,120250,5385350
2024-11-19T11:56:00+05:30,7.85,7.85,7.6,7.75,44725,5385350
2024-11-19T11:57:00+05:30,7.75,7.9,7.7,7.85,79350,5385350
2024-11-19T11:58:00+05:30,7.85,7.95,7.7,7.7,62750,5376900
2024-11-19T11:59:00+05:30,7.7,7.85,7.65,7.7,72050,5376900
2024-11-19T12:00:00+05:30,7.7,7.7,7.55,7.7,80050,5376900
2024-11-19T12:01:00+05:30,7.65,7.8,7.6,7.65,64050,5398250
2024-11-19T12:02:00+05:30,7.6,7.65,7.5,7.6,52650,5398250
2024-11-19T12:03:00+05:30,7.65,7.85,7.55,7.7,60300,5398250
2024-11-19T12:04:00+05:30,7.75,7.8,7.4,7.45,57775,5406425
2024-11-19T12:05:00+05:30,7.5,7.55,7.2,7.2,87625,5406425
2024-11-19T12:06:00+05:30,7.2,7.75,7.2,7.75,94800,5406425
2024-11-19T12:07:00+05:30,7.7,8.1,7.65,8,97500,5429975
2024-11-19T12:08:00+05:30,7.95,8.1,7.8,8.05,74525,5429975
2024-11-19T12:09:00+05:30,8.2,8.35,8,8.1,120000,5429975
2024-11-19T12:10:00+05:30,8.1,8.35,7.95,8,118150,5409425
2024-11-19T12:11:00+05:30,8,8.15,7.9,7.95,62075,5409425
2024-11-19T12:12:00+05:30,7.95,8.05,7.75,7.9,66100,5409425
2024-11-19T12:13:00+05:30,7.95,8,7.6,7.75,98450,5388175
2024-11-19T12:14:00+05:30,7.65,7.65,7.3,7.4,139650,5388175
2024-11-19T12:15:00+05:30,7.45,7.55,7.2,7.4,117700,5388175
2024-11-19T12:16:00+05:30,7.4,7.5,7.35,7.35,58400,5397425
2024-11-19T12:17:00+05:30,7.4,7.45,7.25,7.3,69200,5397425
2024-11-19T12:18:00+05:30,7.25,7.25,6.95,7.05,132200,5397425
2024-11-19T12:19:00+05:30,7.1,7.35,7.1,7.25,107475,5446625
2024-11-19T12:20:00+05:30,7.25,7.3,7.15,7.15,90800,5446625
2024-11-19T12:21:00+05:30,7.2,7.25,7.1,7.2,28825,5446625
2024-11-19T12:22:00+05:30,7.2,7.25,7.1,7.1,41325,5425550
2024-11-19T12:23:00+05:30,7.15,7.3,7.15,7.25,53150,5425550
2024-11-19T12:24:00+05:30,7.25,7.3,7.15,7.25,36150,5425550
2024-11-19T12:25:00+05:30,7.35,7.4,7.15,7.2,35075,5434900
2024-11-19T12:26:00+05:30,7.15,7.5,7.15,7.45,117850,5434900
2024-11-19T12:27:00+05:30,7.4,7.5,7.3,7.35,65250,5434900
2024-11-19T12:28:00+05:30,7.35,7.45,7.25,7.35,44425,5428325
2024-11-19T12:29:00+05:30,7.35,7.45,7.15,7.3,51525,5428325
2024-11-19T12:30:00+05:30,7.25,7.3,7.05,7.25,45700,5428325
2024-11-19T12:31:00+05:30,7.2,7.4,7,7.05,60025,5442800
2024-11-19T12:32:00+05:30,7.05,7.2,6.9,7.15,121550,5442800
2024-11-19T12:33:00+05:30,7.15,7.4,7.1,7.15,71175,5442800
2024-11-19T12:34:00+05:30,7.2,7.25,7,7.15,57425,5446075
2024-11-19T12:35:00+05:30,7.05,7.2,6.95,7.1,70975,5446075
2024-11-19T12:36:00+05:30,7.1,7.1,7,7,35125,5446075
2024-11-19T12:37:00+05:30,7.05,7.1,6.85,7.05,79225,5438250
2024-11-19T12:38:00+05:30,7.05,7.15,7,7,80875,5438250
2024-11-19T12:39:00+05:30,7,7.1,6.85,7,126225,5438250
2024-11-19T12:40:00+05:30,6.95,7.1,6.95,7.05,72100,5405050
2024-11-19T12:41:00+05:30,7.05,7.35,7.05,7.2,57800,5405050
2024-11-19T12:42:00+05:30,7.35,7.45,7.1,7.4,31825,5405050
2024-11-19T12:43:00+05:30,7.4,7.9,7.4,7.45,169675,5384625
2024-11-19T12:44:00+05:30,7.55,7.85,7.55,7.85,39675,5384625
2024-11-19T12:45:00+05:30,7.9,8.15,7.75,8,156150,5384625
2024-11-19T12:46:00+05:30,7.9,8.05,7.7,7.8,118075,5339400
2024-11-19T12:47:00+05:30,7.8,7.85,7.35,7.4,117550,5339400
2024-11-19T12:48:00+05:30,7.45,7.6,7.25,7.35,65375,5339400
2024-11-19T12:49:00+05:30,7.35,7.35,7,7,168925,5345425
2024-11-19T12:50:00+05:30,6.95,7.15,6.95,7.1,136825,5345425
2024-11-19T12:51:00+05:30,7.15,7.3,7.1,7.25,58900,5345425
2024-11-19T12:52:00+05:30,7.2,7.2,6.9,7.1,102475,5332075
2024-11-19T12:53:00+05:30,7.15,7.3,7.15,7.25,51300,5332075
2024-11-19T12:54:00+05:30,7.25,7.35,7.05,7.15,42325,5332075
2024-11-19T12:55:00+05:30,7.15,7.4,7.1,7.35,56800,5334750
2024-11-19T12:56:00+05:30,7.4,7.4,7,7.05,104375,5334750
2024-11-19T12:57:00+05:30,7.05,7.1,6.9,7,84500,5334750
2024-11-19T12:58:00+05:30,7,7.15,6.95,7,59925,5320350
2024-11-19T12:59:00+05:30,6.95,7,6.85,6.85,45725,5320350
2024-11-19T13:00:00+05:30,6.95,6.95,6.6,6.85,118950,5320350
2024-11-19T13:01:00+05:30,6.8,6.9,6.6,6.7,63600,5324975
2024-11-19T13:02:00+05:30,6.7,6.75,6.6,6.75,73775,5324975
2024-11-19T13:03:00+05:30,6.7,6.9,6.7,6.75,65925,5324975
2024-11-19T13:04:00+05:30,6.75,7,6.75,6.85,43475,5326600
2024-11-19T13:05:00+05:30,6.95,7,6.7,6.8,46550,5326600
2024-11-19T13:06:00+05:30,6.85,6.95,6.8,6.85,27075,5326600
2024-11-19T13:07:00+05:30,6.8,6.85,6.75,6.8,51425,5319275
2024-11-19T13:08:00+05:30,6.8,6.85,6.75,6.85,54875,5319275
2024-11-19T13:09:00+05:30,6.85,6.95,6.7,6.9,39250,5319275
2024-11-19T13:10:00+05:30,6.95,7,6.75,6.8,81250,5325575
2024-11-19T13:11:00+05:30,6.8,6.9,6.7,6.9,58775,5325575
2024-11-19T13:12:00+05:30,6.85,6.9,6.7,6.75,38900,5325575
2024-11-19T13:13:00+05:30,6.75,6.95,6.75,6.85,59250,5321025
2024-11-19T13:14:00+05:30,6.9,6.95,6.8,6.8,94350,5321025
2024-11-19T13:15:00+05:30,6.8,6.9,6.7,6.8,53100,5321025
2024-11-19T13:16:00+05:30,6.8,6.85,6.75,6.8,27575,5292175
2024-11-19T13:17:00+05:30,6.85,6.95,6.7,6.95,34625,5292175
2024-11-19T13:18:00+05:30,6.85,6.9,6.75,6.85,35125,5292175
2024-11-19T13:19:00+05:30,6.85,6.85,6.65,6.7,53150,5295850
2024-11-19T13:20:00+05:30,6.7,6.75,6.65,6.75,33025,5295850
2024-11-19T13:21:00+05:30,6.75,6.8,6.65,6.8,46850,5295850
2024-11-19T13:22:00+05:30,6.8,6.9,6.65,6.7,59550,5327325
2024-11-19T13:23:00+05:30,6.75,6.9,6.7,6.8,75675,5327325
2024-11-19T13:24:00+05:30,6.8,7.1,6.8,7,81650,5327325
2024-11-19T13:25:00+05:30,7.05,7.35,7.05,7.1,112400,5293100
2024-11-19T13:26:00+05:30,7.1,7.15,6.9,7,76875,5293100
2024-11-19T13:27:00+05:30,6.95,7.05,6.85,7,52475,5293100
2024-11-19T13:28:00+05:30,6.95,6.95,6.75,6.85,75625,5310900
2024-11-19T13:29:00+05:30,6.9,6.95,6.7,6.85,33675,5310900
2024-11-19T13:30:00+05:30,6.85,7,6.55,6.7,88825,5310900
2024-11-19T13:31:00+05:30,6.7,6.75,6.5,6.65,88425,5326825
2024-11-19T13:32:00+05:30,6.7,6.7,6.5,6.5,106725,5326825
2024-11-19T13:33:00+05:30,6.55,6.65,6.5,6.55,82925,5326825
2024-11-19T13:34:00+05:30,6.6,6.6,6.5,6.55,87000,5300875
2024-11-19T13:35:00+05:30,6.6,6.6,6.4,6.45,129325,5300875
2024-11-19T13:36:00+05:30,6.45,6.5,6.35,6.5,39400,5300875
2024-11-19T13:37:00+05:30,6.45,6.55,6.45,6.55,36950,5273125
2024-11-19T13:38:00+05:30,6.5,6.55,6.45,6.55,61975,5273125
2024-11-19T13:39:00+05:30,6.55,6.55,6.3,6.45,68200,5273125
2024-11-19T13:40:00+05:30,6.4,6.45,6.25,6.35,131775,5256750
2024-11-19T13:41:00+05:30,6.4,6.45,6.35,6.4,46775,5256750
2024-11-19T13:42:00+05:30,6.45,6.45,6.3,6.3,33400,5256750
2024-11-19T13:43:00+05:30,6.35,6.4,6.25,6.4,45900,5219675
2024-11-19T13:44:00+05:30,6.4,6.45,6.3,6.35,37550,5219675
2024-11-19T13:45:00+05:30,6.35,6.5,6.35,6.45,57625,5219675
2024-11-19T13:46:00+05:30,6.45,6.5,6.3,6.4,42025,5211575
2024-11-19T13:47:00+05:30,6.35,6.35,6.2,6.25,82825,5211575
2024-11-19T13:48:00+05:30,6.2,6.4,6.2,6.35,57825,5211575
2024-11-19T13:49:00+05:30,6.35,6.35,6.25,6.25,117650,5225875
2024-11-19T13:50:00+05:30,6.3,6.3,6.15,6.25,84950,5225875
2024-11-19T13:51:00+05:30,6.25,6.3,6.2,6.25,47100,5225875
2024-11-19T13:52:00+05:30,6.25,6.3,6.2,6.25,22150,5241800
2024-11-19T13:53:00+05:30,6.25,6.25,6.15,6.15,47000,5241800
2024-11-19T13:54:00+05:30,6.15,6.2,6,6.05,67800,5241800
2024-11-19T13:55:00+05:30,6.05,6.15,5.85,6.15,145525,5230200
2024-11-19T13:56:00+05:30,6.1,6.2,6.1,6.1,52950,5230200
2024-11-19T13:57:00+05:30,6.1,6.15,5.9,5.95,115200,5230200
2024-11-19T13:58:00+05:30,5.9,6,5.9,6,104850,5215375
2024-11-19T13:59:00+05:30,5.95,6.05,5.95,6.05,44800,5215375
2024-11-19T14:00:00+05:30,6,6.2,6,6.2,40450,5215375
2024-11-19T14:01:00+05:30,6.15,6.5,6.15,6.3,146900,5213900
2024-11-19T14:02:00+05:30,6.3,6.5,6.3,6.5,52375,5213900
2024-11-19T14:03:00+05:30,6.45,6.5,6.2,6.2,56650,5213900
2024-11-19T14:04:00+05:30,6.15,6.65,6.15,6.55,183500,5149350
2024-11-19T14:05:00+05:30,6.5,6.7,6.45,6.65,201225,5149350
2024-11-19T14:06:00+05:30,6.65,7.1,6.5,7,228000,5149350
2024-11-19T14:07:00+05:30,6.95,7.65,6.95,7.5,221225,5182075
2024-11-19T14:08:00+05:30,7.45,8.6,7.35,8.15,504825,5182075
2024-11-19T14:09:00+05:30,8,8.7,7.9,8.6,450275,5182075
2024-11-19T14:10:00+05:30,8.6,9.1,7.5,7.95,749700,5074375
2024-11-19T14:11:00+05:30,7.95,9.3,7.85,8.95,454825,5074375
2024-11-19T14:12:00+05:30,9.05,9.2,8.15,8.15,369000,5074375
2024-11-19T14:13:00+05:30,8,9.2,8,9.1,320650,5023925
2024-11-19T14:14:00+05:30,8.95,9.35,8.55,8.7,361050,5023925
2024-11-19T14:15:00+05:30,8.6,8.7,7.85,8.05,366325,5023925
2024-11-19T14:16:00+05:30,8.1,8.5,8.05,8.05,307925,5014250
2024-11-19T14:17:00+05:30,8.2,8.9,7.95,7.95,563050,5014250
2024-11-19T14:18:00+05:30,8.05,8.15,7.1,7.35,318500,5014250
2024-11-19T14:19:00+05:30,7.15,7.2,6.65,7.2,432400,5193725
2024-11-19T14:20:00+05:30,7.2,8.15,7.2,8.1,249850,5193725
2024-11-19T14:21:00+05:30,8.15,8.7,8.15,8.25,212050,5193725
2024-11-19T14:22:00+05:30,8.05,8.3,7.7,7.85,175275,5038100
2024-11-19T14:23:00+05:30,7.8,8.3,7.75,8.05,121550,5038100
2024-11-19T14:24:00+05:30,8.15,8.25,7.75,8.1,105575,5038100
2024-11-19T14:25:00+05:30,8.1,8.25,7.95,8.1,59600,5021250
2024-11-19T14:26:00+05:30,8.15,8.65,8.05,8.3,526525,5021250
2024-11-19T14:27:00+05:30,8.55,9.2,8.4,9.2,226675,5021250
2024-11-19T14:28:00+05:30,9.25,9.7,8.9,9.25,524550,5158675
2024-11-19T14:29:00+05:30,9.2,9.35,8.9,9.1,255925,5158675
2024-11-19T14:30:00+05:30,8.95,9.5,8.9,9.3,183925,5158675
2024-11-19T14:31:00+05:30,9.5,9.5,8,8.1,651900,5105200
2024-11-19T14:32:00+05:30,8.15,9,8.15,8.7,258350,5105200
2024-11-19T14:33:00+05:30,8.8,9.55,8.8,8.9,215875,5105200
2024-11-19T14:34:00+05:30,9.05,9.45,9,9.15,94125,5105900
2024-11-19T14:35:00+05:30,9.25,9.3,8.8,8.95,96500,5105900
2024-11-19T14:36:00+05:30,9.05,9.5,8.9,9.05,160675,5105900
2024-11-19T14:37:00+05:30,9,9.3,8.9,9,119150,5100900
2024-11-19T14:38:00+05:30,8.95,9.05,8.35,8.75,143700,5100900
2024-11-19T14:39:00+05:30,9,9,8.35,8.55,111400,5100900
2024-11-19T14:40:00+05:30,8.6,8.65,8.4,8.45,82175,5084150
2024-11-19T14:41:00+05:30,8.45,8.75,8.2,8.7,138150,5084150
2024-11-19T14:42:00+05:30,8.75,9.4,8.75,9.15,189775,5084150
2024-11-19T14:43:00+05:30,9.15,9.2,8.5,8.75,197450,5101175
2024-11-19T14:44:00+05:30,8.75,8.9,8.45,8.6,90200,5101175
2024-11-19T14:45:00+05:30,8.8,8.9,7.3,7.5,391300,5101175
2024-11-19T14:46:00+05:30,7.55,8.2,7.55,7.85,278250,5107225
2024-11-19T14:47:00+05:30,8.05,8.5,7.8,8.45,189450,5107225
2024-11-19T14:48:00+05:30,8.45,8.7,8.3,8.55,134725,5107225
2024-11-19T14:49:00+05:30,8.55,8.75,8.4,8.7,154925,5118950
2024-11-19T14:50:00+05:30,8.7,9.95,8.65,9.8,440100,5118950
2024-11-19T14:51:00+05:30,9.75,11.6,9.7,11.25,1212100,5118950
2024-11-19T14:52:00+05:30,11,12.4,10.9,11.75,1111425,4823275
2024-11-19T14:53:00+05:30,12,12.95,11.95,12.35,796225,4823275
2024-11-19T14:54:00+05:30,12.35,14.85,12.35,14.7,1039050,4823275
2024-11-19T14:55:00+05:30,14.9,18.1,14.9,16.9,1424150,4685750
2024-11-19T14:56:00+05:30,16.8,18.95,15.4,17.1,1307625,4685750
2024-11-19T14:57:00+05:30,17.15,19.75,16,18.7,919600,4685750
2024-11-19T14:58:00+05:30,18.7,24.2,18.7,23.7,1549825,4595150
2024-11-19T14:59:00+05:30,23.1,27.4,23.05,26.45,1175200,4595150
2024-11-19T15:00:00+05:30,26.85,33.3,26.85,31.25,1844900,4595150
2024-11-19T15:01:00+05:30,31.05,32.7,28.7,32.7,1257500,4477500
2024-11-19T15:02:00+05:30,31.9,38.25,31.7,38.25,1337500,4477500
2024-11-19T15:03:00+05:30,38.5,49.5,38.45,41.1,1937500,4477500
2024-11-19T15:04:00+05:30,42.4,45.5,31.5,34.9,1431500,4361700
2024-11-19T15:05:00+05:30,36.55,39.3,33.5,37.05,910650,4361700
2024-11-19T15:06:00+05:30,35.55,38.35,32.95,32.95,918300,4361700
2024-11-19T15:07:00+05:30,32.9,35.6,28,34.3,1303600,4403100
2024-11-19T15:08:00+05:30,34.75,35.8,33.25,34.05,503575,4403100
2024-11-19T15:09:00+05:30,33.85,40.35,31.85,39.55,1252600,4403100
2024-11-19T15:10:00+05:30,39.65,43.15,38.9,42.75,913025,4210500
2024-11-19T15:11:00+05:30,43.95,48.4,42.85,48,999400,4210500
2024-11-19T15:12:00+05:30,47.7,53.35,44.65,50.5,1193200,4210500
2024-11-19T15:13:00+05:30,49.85,53.5,46.9,52.8,1086650,4111400
2024-11-19T15:14:00+05:30,51.8,56.6,51.75,54.2,1069800,4111400
2024-11-19T15:15:00+05:30,53.6,59.45,53.6,57.2,1147850,4111400
2024-11-19T15:16:00+05:30,57,57.55,45.2,45.25,1551225,3756925
2024-11-19T15:17:00+05:30,44.6,52.75,44.6,52.3,725375,3756925
2024-11-19T15:18:00+05:30,52,54.25,50.7,52.85,515575,3756925
2024-11-19T15:19:00+05:30,51.85,52.85,44.4,49.95,722725,3737200
2024-11-19T15:20:00+05:30,51.35,52.7,50.5,51.55,501325,3737200
2024-11-19T15:21:00+05:30,51.45,51.45,45.55,47.6,365650,3737200
2024-11-19T15:22:00+05:30,48,50.65,45.45,49.55,445400,3735350
2024-11-19T15:23:00+05:30,50.2,50.85,48.65,50.45,316950,3735350
2024-11-19T15:24:00+05:30,50.7,50.7,47.95,48.95,345850,3735350
2024-11-19T15:25:00+05:30,49.3,51.2,48.45,50.9,405925,3643400
2024-11-19T15:26:00+05:30,51.45,53.35,51.25,53.1,602300,3643400
2024-11-19T15:27:00+05:30,52.95,56.25,52.95,55.25,638575,3643400
2024-11-19T15:28:00+05:30,55.35,55.8,54.6,55.45,572650,3349350
2024-11-19T15:29:00+05:30,55.4,55.4,54,54.55,615075,3349350
